date,contaminant,zone,observed,counterfactual,gap,gap_pct
2025-09-01,NO2,zbe,4.62,4.536,0.084,1.86
2025-09-02,NO2,zbe,4.449,4.886,-0.438,-8.96
2025-09-03,NO2,zbe,3.796,4.316,-0.519,-12.04
2025-09-04,NO2,zbe,4.479,4.643,-0.164,-3.53
2025-09-05,NO2,zbe,4.691,4.354,0.337,7.73
2025-09-06,NO2,zbe,4.258,4.403,-0.146,-3.31
2025-09-07,NO2,zbe,6.02,5.068,0.951,18.77
2025-09-08,NO2,zbe,4.405,3.511,0.894,25.46
2025-09-09,NO2,zbe,3.123,4.81,-1.687,-35.07
2025-09-10,NO2,zbe,3.875,3.987,-0.112,-2.8
2025-09-11,NO2,zbe,4.715,4.1,0.614,14.98
2025-09-12,NO2,zbe,2.502,4.072,-1.57,-38.55
2025-09-13,NO2,zbe,2.329,4.025,-1.696,-42.15
2025-09-14,NO2,zbe,2.878,5.209,-2.33,-44.74
2025-09-15,NO2,zbe,7.004,4.203,2.801,66.64
2025-09-16,NO2,zbe,7.635,4.72,2.915,61.75
2025-09-17,NO2,zbe,10.761,4.852,5.909,121.79
2025-09-18,NO2,zbe,7.99,4.037,3.952,97.9
2025-09-19,NO2,zbe,3.925,6.218,-2.294,-36.88
2025-09-20,NO2,zbe,5.416,7.728,-2.312,-29.92
2025-09-21,NO2,zbe,5.627,7.822,-2.195,-28.07
2025-09-22,NO2,zbe,8.009,6.506,1.503,23.1
2025-09-23,NO2,zbe,8.858,7.058,1.8,25.51
2025-09-24,NO2,zbe,6.88,7.688,-0.808,-10.51
2025-09-25,NO2,zbe,7.108,10.06,-2.952,-29.35
2025-09-26,NO2,zbe,9.908,8.906,1.003,11.26
2025-09-27,NO2,zbe,11.776,8.045,3.731,46.38
2025-09-28,NO2,zbe,10.904,8.282,2.622,31.66
2025-09-29,NO2,zbe,7.813,10.316,-2.504,-24.27
2025-09-30,NO2,zbe,8.938,9.206,-0.268,-2.91
2025-10-01,NO2,zbe,9.232,9.128,0.104,1.14
2025-10-02,NO2,zbe,11.139,6.84,4.299,62.86
2025-10-03,NO2,zbe,6.405,5.24,1.166,22.25
2025-10-04,NO2,zbe,5.541,9.364,-3.823,-40.83
2025-10-05,NO2,zbe,6.209,9.512,-3.303,-34.73
2025-10-06,NO2,zbe,7.774,8.358,-0.583,-6.98
2025-10-07,NO2,zbe,7.658,6.537,1.121,17.14
2025-10-08,NO2,zbe,9.81,8.893,0.917,10.31
2025-10-09,NO2,zbe,9.291,10.189,-0.898,-8.81
2025-10-10,NO2,zbe,5.495,6.826,-1.331,-19.5
2025-10-11,NO2,zbe,4.804,7.05,-2.247,-31.86
2025-10-12,NO2,zbe,9.49,6.858,2.632,38.38
2025-10-13,NO2,zbe,6.276,6.164,0.112,1.82
2025-10-14,NO2,zbe,6.166,7.198,-1.033,-14.35
2025-10-15,NO2,zbe,5.862,6.836,-0.974,-14.25
2025-10-16,NO2,zbe,4.977,4.925,0.052,1.06
2025-10-17,NO2,zbe,4.89,3.539,1.351,38.18
2025-10-18,NO2,zbe,6.805,4.558,2.246,49.29
2025-10-19,NO2,zbe,3.956,5.22,-1.264,-24.21
2025-10-20,NO2,zbe,3.562,5.939,-2.377,-40.03
2025-10-21,NO2,zbe,0.901,5.118,-4.218,-82.41
2025-10-22,NO2,zbe,6.705,5.007,1.698,33.91
2025-10-23,NO2,zbe,6.596,7.464,-0.869,-11.64
2025-10-24,NO2,zbe,7.774,6.112,1.662,27.19
2025-10-25,NO2,zbe,7.477,4.716,2.76,58.53
2025-10-26,NO2,zbe,10.005,7.791,2.214,28.41
2025-10-27,NO2,zbe,10.918,8.108,2.81,34.66
2025-10-28,NO2,zbe,9.068,7.693,1.375,17.88
2025-10-29,NO2,zbe,5.957,10.045,-4.088,-40.7
2025-10-30,NO2,zbe,7.265,8.496,-1.231,-14.49
2025-10-31,NO2,zbe,6.655,9.877,-3.222,-32.62
2025-11-01,NO2,zbe,3.477,7.954,-4.478,-56.29
2025-11-02,NO2,zbe,7.729,9.877,-2.148,-21.74
2025-11-03,NO2,zbe,10.464,9.212,1.252,13.59
2025-11-04,NO2,zbe,9.292,9.09,0.202,2.22
2025-11-05,NO2,zbe,11.357,10.933,0.423,3.87
2025-11-06,NO2,zbe,8.115,12.467,-4.352,-34.91
2025-11-07,NO2,zbe,9.272,8.799,0.474,5.38
2025-11-08,NO2,zbe,3.662,10.861,-7.2,-66.29
2025-11-09,NO2,zbe,6.597,10.48,-3.883,-37.05
2025-11-10,NO2,zbe,6.591,12.897,-6.306,-48.9
2025-11-11,NO2,zbe,5.452,11.748,-6.296,-53.59
2025-11-12,NO2,zbe,8.672,7.682,0.99,12.88
2025-11-13,NO2,zbe,11.043,8.246,2.797,33.93
2025-11-14,NO2,zbe,9.164,11.974,-2.81,-23.46
2025-11-15,NO2,zbe,7.704,14.169,-6.465,-45.63
2025-11-16,NO2,zbe,15.972,13.147,2.824,21.48
2025-11-17,NO2,zbe,13.832,10.6,3.231,30.48
2025-11-18,NO2,zbe,21.347,13.213,8.134,61.56
2025-11-19,NO2,zbe,17.374,13.096,4.279,32.67
2025-11-20,NO2,zbe,23.378,16.448,6.93,42.14
2025-11-21,NO2,zbe,19.387,14.645,4.742,32.38
2025-11-22,NO2,zbe,12.135,16.773,-4.638,-27.65
2025-11-23,NO2,zbe,13.503,18.415,-4.913,-26.68
2025-11-24,NO2,zbe,20.62,19.556,1.064,5.44
2025-11-25,NO2,zbe,23.392,19.654,3.739,19.02
2025-11-26,NO2,zbe,29.552,20.915,8.637,41.29
2025-11-27,NO2,zbe,32.489,19.023,13.466,70.79
2025-11-28,NO2,zbe,22.257,16.973,5.284,31.13
2025-11-29,NO2,zbe,18.666,18.844,-0.178,-0.95
2025-11-30,NO2,zbe,29.015,18.433,10.582,57.41
2025-12-01,NO2,zbe,23.243,17.591,5.653,32.13
2025-12-02,NO2,zbe,26.183,18.006,8.177,45.41
2025-12-03,NO2,zbe,21.155,19.151,2.004,10.46
2025-12-04,NO2,zbe,19.739,20.292,-0.553,-2.72
2025-12-05,NO2,zbe,8.956,19.041,-10.085,-52.96
2025-12-06,NO2,zbe,8.799,15.055,-6.256,-41.55
2025-12-07,NO2,zbe,13.297,15.798,-2.501,-15.83
2025-12-08,NO2,zbe,22.897,15.77,7.127,45.19
2025-12-09,NO2,zbe,20.781,16.047,4.734,29.5
2025-12-10,NO2,zbe,18.135,15.263,2.872,18.82
2025-12-11,NO2,zbe,20.878,14.153,6.725,47.52
2025-12-12,NO2,zbe,23.846,15.235,8.611,56.52
2025-12-13,NO2,zbe,17.474,14.093,3.381,23.99
2025-12-14,NO2,zbe,20.612,16.854,3.758,22.3
2025-12-15,NO2,zbe,18.074,15.167,2.907,19.16
2025-12-16,NO2,zbe,23.152,17.856,5.296,29.66
2025-12-17,NO2,zbe,12.435,15.74,-3.305,-21.0
2025-12-18,NO2,zbe,18.027,16.631,1.396,8.4
2025-12-19,NO2,zbe,13.346,15.999,-2.653,-16.58
2025-12-20,NO2,zbe,10.611,17.32,-6.709,-38.73
2025-12-21,NO2,zbe,15.554,19.369,-3.815,-19.7
2025-12-22,NO2,zbe,18.468,17.638,0.829,4.7
2025-12-23,NO2,zbe,10.869,13.251,-2.382,-17.98
2025-12-24,NO2,zbe,12.446,19.898,-7.452,-37.45
2025-12-25,NO2,zbe,21.664,18.485,3.18,17.2
2025-12-26,NO2,zbe,17.942,14.835,3.107,20.94
2025-12-27,NO2,zbe,15.8,13.975,1.825,13.06
2025-12-28,NO2,zbe,24.68,15.957,8.724,54.67
2025-12-29,NO2,zbe,22.005,16.554,5.45,32.92
2025-12-30,NO2,zbe,10.824,16.866,-6.043,-35.83
2025-12-31,NO2,zbe,16.15,17.003,-0.854,-5.02
2026-01-01,NO2,zbe,20.458,15.099,5.358,35.49
2026-01-02,NO2,zbe,13.589,15.907,-2.318,-14.57
2026-01-03,NO2,zbe,11.037,15.713,-4.676,-29.76
2026-01-04,NO2,zbe,18.681,17.167,1.514,8.82
2026-01-05,NO2,zbe,21.054,14.29,6.764,47.33
2026-01-06,NO2,zbe,29.568,16.988,12.581,74.06
2026-01-07,NO2,zbe,10.014,17.621,-7.608,-43.17
2026-01-08,NO2,zbe,10.245,20.92,-10.675,-51.03
2026-01-09,NO2,zbe,13.631,21.231,-7.6,-35.79
2026-01-10,NO2,zbe,14.555,17.748,-3.193,-17.99
2026-01-11,NO2,zbe,13.172,17.854,-4.682,-26.22
2026-01-12,NO2,zbe,14.529,17.192,-2.663,-15.49
2026-01-13,NO2,zbe,11.255,17.029,-5.774,-33.91
2026-01-14,NO2,zbe,10.004,18.175,-8.171,-44.96
2026-01-15,NO2,zbe,16.368,17.577,-1.209,-6.88
2026-01-16,NO2,zbe,16.583,14.246,2.337,16.4
2026-01-17,NO2,zbe,11.998,13.947,-1.949,-13.98
2026-01-18,NO2,zbe,14.768,13.508,1.26,9.33
2026-01-19,NO2,zbe,15.287,15.051,0.236,1.57
2026-01-20,NO2,zbe,16.155,13.403,2.752,20.53
2026-01-21,NO2,zbe,9.817,18.584,-8.767,-47.18
2026-01-22,NO2,zbe,11.094,19.424,-8.33,-42.89
2026-01-23,NO2,zbe,11.572,18.824,-7.252,-38.52
2026-01-24,NO2,zbe,10.327,16.847,-6.52,-38.7
2026-01-25,NO2,zbe,25.103,19.434,5.668,29.17
2026-01-26,NO2,zbe,10.371,18.402,-8.032,-43.65
2026-01-27,NO2,zbe,16.784,18.551,-1.767,-9.53
2026-01-28,NO2,zbe,18.684,16.568,2.116,12.77
2026-01-29,NO2,zbe,13.507,18.675,-5.169,-27.68
2026-01-30,NO2,zbe,20.1,18.874,1.226,6.5
2026-01-31,NO2,zbe,16.003,17.18,-1.178,-6.85
2026-02-01,NO2,zbe,10.906,17.459,-6.553,-37.53
2026-02-02,NO2,zbe,13.903,19.079,-5.176,-27.13
2026-02-03,NO2,zbe,14.456,17.676,-3.22,-18.22
2026-02-04,NO2,zbe,11.806,19.093,-7.287,-38.17
2026-02-05,NO2,zbe,10.852,17.894,-7.042,-39.36
2026-02-06,NO2,zbe,12.139,18.422,-6.283,-34.11
2026-02-07,NO2,zbe,13.831,18.035,-4.204,-23.31
2026-02-08,NO2,zbe,19.33,16.857,2.473,14.67
2026-02-09,NO2,zbe,4.721,17.795,-13.074,-73.47
2026-02-10,NO2,zbe,5.237,16.138,-10.901,-67.55
2026-02-11,NO2,zbe,10.57,15.598,-5.029,-32.24
2026-02-12,NO2,zbe,13.833,14.744,-0.911,-6.18
2026-02-13,NO2,zbe,10.725,14.93,-4.205,-28.16
2026-02-14,NO2,zbe,10.671,15.406,-4.735,-30.73
2026-02-15,NO2,zbe,11.566,13.051,-1.485,-11.38
2026-02-16,NO2,zbe,16.949,16.024,0.925,5.77
2026-02-17,NO2,zbe,8.344,12.736,-4.392,-34.49
2026-02-18,NO2,zbe,14.377,14.867,-0.49,-3.3
2026-02-19,NO2,zbe,16.122,19.05,-2.928,-15.37
2026-02-20,NO2,zbe,21.731,15.787,5.944,37.65
2026-02-21,NO2,zbe,16.37,13.929,2.441,17.53
2026-02-22,NO2,zbe,25.323,15.298,10.025,65.53
2026-02-23,NO2,zbe,24.341,12.845,11.496,89.49
2026-02-24,NO2,zbe,15.788,12.48,3.308,26.51
2026-02-25,NO2,zbe,16.611,14.968,1.643,10.98
2026-02-26,NO2,zbe,15.036,13.764,1.271,9.24
2026-02-27,NO2,zbe,5.461,12.825,-7.364,-57.42
2026-02-28,NO2,zbe,9.069,15.86,-6.791,-42.82
2026-03-01,NO2,zbe,9.746,14.097,-4.352,-30.87
2026-03-02,NO2,zbe,9.88,13.655,-3.774,-27.64
2026-03-03,NO2,zbe,15.755,12.267,3.488,28.44
2026-03-04,NO2,zbe,10.711,8.667,2.044,23.59
2026-03-05,NO2,zbe,11.06,11.364,-0.304,-2.68
2026-03-06,NO2,zbe,9.808,10.384,-0.576,-5.55
2025-09-01,NO2,out,3.359,11.341,-7.982,-70.38
2025-09-02,NO2,out,5.689,9.998,-4.309,-43.1
2025-09-03,NO2,out,3.997,9.402,-5.405,-57.49
2025-09-04,NO2,out,7.356,11.104,-3.748,-33.76
2025-09-05,NO2,out,6.131,12.94,-6.809,-52.62
2025-09-06,NO2,out,2.445,11.531,-9.086,-78.8
2025-09-07,NO2,out,5.05,10.679,-5.629,-52.71
2025-09-08,NO2,out,6.118,8.631,-2.513,-29.12
2025-09-09,NO2,out,6.357,11.167,-4.81,-43.07
2025-09-10,NO2,out,5.24,10.004,-4.763,-47.62
2025-09-11,NO2,out,7.41,9.172,-1.762,-19.21
2025-09-12,NO2,out,3.363,8.223,-4.86,-59.11
2025-09-13,NO2,out,4.535,8.772,-4.237,-48.3
2025-09-14,NO2,out,4.91,12.083,-7.173,-59.36
2025-09-15,NO2,out,6.615,10.161,-3.546,-34.9
2025-09-16,NO2,out,11.807,10.52,1.287,12.24
2025-09-17,NO2,out,18.315,11.349,6.966,61.38
2025-09-18,NO2,out,11.929,9.793,2.135,21.8
2025-09-19,NO2,out,4.074,8.465,-4.39,-51.87
2025-09-20,NO2,out,3.213,7.173,-3.96,-55.21
2025-09-21,NO2,out,6.404,8.929,-2.524,-28.27
2025-09-22,NO2,out,8.945,7.242,1.703,23.51
2025-09-23,NO2,out,12.141,10.185,1.956,19.21
2025-09-24,NO2,out,11.401,10.521,0.879,8.36
2025-09-25,NO2,out,12.381,10.728,1.654,15.42
2025-09-26,NO2,out,15.633,9.276,6.357,68.54
2025-09-27,NO2,out,12.652,10.295,2.357,22.9
2025-09-28,NO2,out,11.503,10.767,0.737,6.84
2025-09-29,NO2,out,11.386,13.019,-1.632,-12.54
2025-09-30,NO2,out,12.883,14.296,-1.413,-9.89
2025-10-01,NO2,out,18.66,11.591,7.069,60.99
2025-10-02,NO2,out,19.469,11.997,7.473,62.29
2025-10-03,NO2,out,9.677,11.826,-2.149,-18.17
2025-10-04,NO2,out,4.81,11.379,-6.569,-57.73
2025-10-05,NO2,out,13.872,12.13,1.742,14.36
2025-10-06,NO2,out,16.745,13.561,3.184,23.48
2025-10-07,NO2,out,12.551,13.905,-1.353,-9.73
2025-10-08,NO2,out,10.872,14.286,-3.414,-23.89
2025-10-09,NO2,out,11.173,10.289,0.884,8.59
2025-10-10,NO2,out,11.308,11.562,-0.254,-2.2
2025-10-11,NO2,out,10.678,12.861,-2.182,-16.97
2025-10-12,NO2,out,17.983,13.032,4.952,38.0
2025-10-13,NO2,out,12.576,12.342,0.234,1.89
2025-10-14,NO2,out,9.71,15.495,-5.786,-37.34
2025-10-15,NO2,out,10.214,11.156,-0.942,-8.45
2025-10-16,NO2,out,10.032,10.511,-0.479,-4.56
2025-10-17,NO2,out,12.937,11.413,1.524,13.36
2025-10-18,NO2,out,9.548,12.787,-3.239,-25.33
2025-10-19,NO2,out,6.101,9.246,-3.146,-34.02
2025-10-20,NO2,out,3.136,8.357,-5.221,-62.48
2025-10-21,NO2,out,1.282,8.735,-7.453,-85.32
2025-10-22,NO2,out,8.02,7.578,0.442,5.84
2025-10-23,NO2,out,14.21,8.348,5.862,70.23
2025-10-24,NO2,out,13.681,10.4,3.281,31.55
2025-10-25,NO2,out,8.501,10.313,-1.812,-17.57
2025-10-26,NO2,out,16.431,8.808,7.623,86.55
2025-10-27,NO2,out,23.113,10.786,12.327,114.29
2025-10-28,NO2,out,15.952,12.523,3.429,27.38
2025-10-29,NO2,out,9.709,11.365,-1.656,-14.57
2025-10-30,NO2,out,6.119,11.575,-5.456,-47.14
2025-10-31,NO2,out,9.829,12.199,-2.37,-19.43
2025-11-01,NO2,out,6.373,11.033,-4.659,-42.23
2025-11-02,NO2,out,16.496,12.635,3.861,30.56
2025-11-03,NO2,out,21.241,15.011,6.23,41.5
2025-11-04,NO2,out,9.344,13.08,-3.736,-28.56
2025-11-05,NO2,out,13.792,12.301,1.491,12.12
2025-11-06,NO2,out,11.911,12.374,-0.462,-3.73
2025-11-07,NO2,out,12.958,10.463,2.495,23.84
2025-11-08,NO2,out,8.8,9.575,-0.775,-8.09
2025-11-09,NO2,out,11.04,15.162,-4.122,-27.19
2025-11-10,NO2,out,11.536,15.093,-3.557,-23.57
2025-11-11,NO2,out,9.487,12.173,-2.685,-22.06
2025-11-12,NO2,out,9.824,11.652,-1.829,-15.69
2025-11-13,NO2,out,10.699,12.406,-1.707,-13.76
2025-11-14,NO2,out,10.064,11.319,-1.255,-11.08
2025-11-15,NO2,out,8.099,10.422,-2.323,-22.29
2025-11-16,NO2,out,15.899,12.835,3.064,23.87
2025-11-17,NO2,out,16.026,12.809,3.217,25.11
2025-11-18,NO2,out,17.897,18.355,-0.458,-2.5
2025-11-19,NO2,out,19.012,19.465,-0.452,-2.32
2025-11-20,NO2,out,24.591,18.277,6.314,34.55
2025-11-21,NO2,out,13.908,19.693,-5.785,-29.37
2025-11-22,NO2,out,5.576,18.412,-12.836,-69.72
2025-11-23,NO2,out,12.498,15.438,-2.94,-19.04
2025-11-24,NO2,out,21.394,15.494,5.901,38.08
2025-11-25,NO2,out,24.371,18.113,6.258,34.55
2025-11-26,NO2,out,23.154,21.199,1.954,9.22
2025-11-27,NO2,out,21.87,24.324,-2.455,-10.09
2025-11-28,NO2,out,8.78,20.181,-11.401,-56.49
2025-11-29,NO2,out,14.626,19.523,-4.897,-25.08
2025-11-30,NO2,out,17.227,22.775,-5.548,-24.36
2025-12-01,NO2,out,15.563,22.826,-7.264,-31.82
2025-12-02,NO2,out,16.07,18.197,-2.126,-11.69
2025-12-03,NO2,out,16.489,20.644,-4.156,-20.13
2025-12-04,NO2,out,14.177,17.301,-3.125,-18.06
2025-12-05,NO2,out,3.155,14.985,-11.831,-78.95
2025-12-06,NO2,out,4.173,13.687,-9.513,-69.51
2025-12-07,NO2,out,8.294,16.683,-8.389,-50.29
2025-12-08,NO2,out,17.471,14.696,2.775,18.88
2025-12-09,NO2,out,22.263,14.417,7.846,54.42
2025-12-10,NO2,out,14.402,15.849,-1.448,-9.13
2025-12-11,NO2,out,19.318,17.579,1.739,9.89
2025-12-12,NO2,out,16.295,19.85,-3.554,-17.91
2025-12-13,NO2,out,10.637,18.818,-8.181,-43.47
2025-12-14,NO2,out,17.983,20.721,-2.738,-13.21
2025-12-15,NO2,out,16.703,13.438,3.264,24.29
2025-12-16,NO2,out,20.054,13.633,6.421,47.1
2025-12-17,NO2,out,6.151,15.131,-8.98,-59.35
2025-12-18,NO2,out,18.957,13.355,5.603,41.95
2025-12-19,NO2,out,8.166,14.25,-6.084,-42.69
2025-12-20,NO2,out,9.014,15.572,-6.557,-42.11
2025-12-21,NO2,out,13.87,17.934,-4.064,-22.66
2025-12-22,NO2,out,15.56,20.76,-5.201,-25.05
2025-12-23,NO2,out,10.423,19.335,-8.912,-46.09
2025-12-24,NO2,out,9.483,18.384,-8.9,-48.42
2025-12-25,NO2,out,15.104,23.195,-8.09,-34.88
2025-12-26,NO2,out,17.63,23.289,-5.659,-24.3
2025-12-27,NO2,out,18.159,19.204,-1.045,-5.44
2025-12-28,NO2,out,17.643,19.98,-2.337,-11.7
2025-12-29,NO2,out,15.969,25.203,-9.234,-36.64
2025-12-30,NO2,out,11.692,22.235,-10.543,-47.42
2025-12-31,NO2,out,11.427,22.113,-10.685,-48.32
2026-01-01,NO2,out,17.13,23.437,-6.307,-26.91
2026-01-02,NO2,out,14.169,22.035,-7.867,-35.7
2026-01-03,NO2,out,15.936,18.179,-2.243,-12.34
2026-01-04,NO2,out,24.883,19.779,5.105,25.81
2026-01-05,NO2,out,25.727,21.049,4.678,22.23
2026-01-06,NO2,out,31.097,18.583,12.514,67.34
2026-01-07,NO2,out,10.973,21.258,-10.285,-48.38
2026-01-08,NO2,out,16.633,21.906,-5.273,-24.07
2026-01-09,NO2,out,19.688,18.789,0.899,4.79
2026-01-10,NO2,out,13.379,18.687,-5.308,-28.41
2026-01-11,NO2,out,14.803,19.179,-4.376,-22.82
2026-01-12,NO2,out,13.662,15.066,-1.404,-9.32
2026-01-13,NO2,out,14.021,16.405,-2.384,-14.53
2026-01-14,NO2,out,14.716,20.927,-6.211,-29.68
2026-01-15,NO2,out,17.216,16.389,0.827,5.05
2026-01-16,NO2,out,19.056,17.176,1.879,10.94
2026-01-17,NO2,out,15.611,19.418,-3.806,-19.6
2026-01-18,NO2,out,19.702,22.273,-2.571,-11.54
2026-01-19,NO2,out,15.695,23.241,-7.546,-32.47
2026-01-20,NO2,out,18.301,20.17,-1.869,-9.26
2026-01-21,NO2,out,13.628,17.029,-3.401,-19.97
2026-01-22,NO2,out,16.294,17.648,-1.355,-7.68
2026-01-23,NO2,out,15.268,16.243,-0.975,-6.0
2026-01-24,NO2,out,15.66,17.941,-2.281,-12.71
2026-01-25,NO2,out,30.437,17.304,13.133,75.9
2026-01-26,NO2,out,14.27,16.55,-2.28,-13.78
2026-01-27,NO2,out,23.773,15.678,8.095,51.63
2026-01-28,NO2,out,23.094,19.743,3.35,16.97
2026-01-29,NO2,out,18.537,15.934,2.602,16.33
2026-01-30,NO2,out,25.072,15.25,9.822,64.41
2026-01-31,NO2,out,15.752,17.506,-1.753,-10.02
2026-02-01,NO2,out,15.631,18.356,-2.726,-14.85
2026-02-02,NO2,out,18.523,18.294,0.228,1.25
2026-02-03,NO2,out,17.205,18.139,-0.934,-5.15
2026-02-04,NO2,out,17.633,18.596,-0.963,-5.18
2026-02-05,NO2,out,15.732,16.751,-1.019,-6.08
2026-02-06,NO2,out,16.307,15.046,1.262,8.39
2026-02-07,NO2,out,18.841,16.102,2.739,17.01
2026-02-08,NO2,out,23.031,17.263,5.768,33.42
2026-02-09,NO2,out,5.383,16.569,-11.187,-67.51
2026-02-10,NO2,out,10.628,16.476,-5.848,-35.49
2026-02-11,NO2,out,16.988,13.905,3.083,22.17
2026-02-12,NO2,out,19.103,14.407,4.696,32.6
2026-02-13,NO2,out,9.107,14.288,-5.181,-36.26
2026-02-14,NO2,out,6.113,14.895,-8.782,-58.96
2026-02-15,NO2,out,12.689,17.256,-4.567,-26.47
2026-02-16,NO2,out,19.341,15.106,4.235,28.04
2026-02-17,NO2,out,7.137,16.387,-9.25,-56.45
2026-02-18,NO2,out,14.371,14.919,-0.548,-3.67
2026-02-19,NO2,out,18.691,16.406,2.285,13.93
2026-02-20,NO2,out,16.491,18.411,-1.921,-10.43
2026-02-21,NO2,out,11.298,19.389,-8.092,-41.73
2026-02-22,NO2,out,18.974,19.982,-1.008,-5.04
2026-02-23,NO2,out,19.756,18.284,1.472,8.05
2026-02-24,NO2,out,13.57,14.584,-1.014,-6.96
2026-02-25,NO2,out,14.859,17.121,-2.262,-13.21
2026-02-26,NO2,out,12.765,15.942,-3.177,-19.93
2026-02-27,NO2,out,8.583,13.994,-5.412,-38.67
2026-02-28,NO2,out,3.783,17.492,-13.709,-78.37
2026-03-01,NO2,out,10.2,19.164,-8.964,-46.78
2026-03-02,NO2,out,12.978,15.916,-2.938,-18.46
2026-03-03,NO2,out,12.075,11.409,0.666,5.84
2026-03-04,NO2,out,11.434,10.392,1.043,10.04
2026-03-05,NO2,out,12.001,11.183,0.818,7.31
2026-03-06,NO2,out,7.506,8.67,-1.164,-13.42
2025-09-01,PM10,zbe,8.876,7.903,0.973,12.31
2025-09-02,PM10,zbe,7.747,9.23,-1.483,-16.07
2025-09-03,PM10,zbe,13.952,8.173,5.779,70.71
2025-09-04,PM10,zbe,10.208,8.021,2.187,27.27
2025-09-05,PM10,zbe,10.079,10.588,-0.509,-4.8
2025-09-06,PM10,zbe,10.675,9.756,0.919,9.42
2025-09-07,PM10,zbe,7.312,9.438,-2.127,-22.53
2025-09-08,PM10,zbe,4.932,8.817,-3.885,-44.06
2025-09-09,PM10,zbe,7.707,9.973,-2.266,-22.72
2025-09-10,PM10,zbe,10.313,9.43,0.883,9.37
2025-09-11,PM10,zbe,8.322,12.911,-4.589,-35.54
2025-09-12,PM10,zbe,7.316,11.622,-4.306,-37.05
2025-09-13,PM10,zbe,8.06,12.027,-3.968,-32.99
2025-09-14,PM10,zbe,5.373,10.602,-5.229,-49.32
2025-09-15,PM10,zbe,7.675,10.996,-3.321,-30.2
2025-09-16,PM10,zbe,11.025,10.857,0.168,1.55
2025-09-17,PM10,zbe,12.929,10.992,1.937,17.62
2025-09-18,PM10,zbe,13.75,13.263,0.488,3.68
2025-09-19,PM10,zbe,10.056,12.107,-2.051,-16.94
2025-09-20,PM10,zbe,5.957,8.64,-2.682,-31.05
2025-09-21,PM10,zbe,3.36,6.819,-3.46,-50.73
2025-09-22,PM10,zbe,3.232,9.64,-6.408,-66.47
2025-09-23,PM10,zbe,5.646,6.971,-1.325,-19.01
2025-09-24,PM10,zbe,6.145,9.392,-3.247,-34.57
2025-09-25,PM10,zbe,13.055,10.21,2.845,27.86
2025-09-26,PM10,zbe,10.634,11.64,-1.006,-8.64
2025-09-27,PM10,zbe,9.799,12.978,-3.18,-24.5
2025-09-28,PM10,zbe,8.523,11.113,-2.59,-23.3
2025-09-29,PM10,zbe,8.377,11.895,-3.517,-29.57
2025-09-30,PM10,zbe,12.348,12.612,-0.264,-2.1
2025-10-01,PM10,zbe,13.44,13.812,-0.371,-2.69
2025-10-02,PM10,zbe,10.572,13.812,-3.239,-23.45
2025-10-03,PM10,zbe,12.887,15.126,-2.238,-14.8
2025-10-04,PM10,zbe,9.441,11.325,-1.884,-16.63
2025-10-05,PM10,zbe,10.605,10.252,0.353,3.45
2025-10-06,PM10,zbe,8.535,13.354,-4.818,-36.08
2025-10-07,PM10,zbe,7.8,12.687,-4.888,-38.52
2025-10-08,PM10,zbe,12.455,12.748,-0.293,-2.3
2025-10-09,PM10,zbe,9.832,11.641,-1.809,-15.54
2025-10-10,PM10,zbe,12.533,11.959,0.574,4.8
2025-10-11,PM10,zbe,10.417,13.313,-2.896,-21.76
2025-10-12,PM10,zbe,6.822,13.131,-6.309,-48.05
2025-10-13,PM10,zbe,10.177,14.101,-3.924,-27.83
2025-10-14,PM10,zbe,18.889,13.379,5.51,41.19
2025-10-15,PM10,zbe,18.133,14.595,3.538,24.24
2025-10-16,PM10,zbe,21.081,15.648,5.432,34.72
2025-10-17,PM10,zbe,16.973,14.137,2.836,20.06
2025-10-18,PM10,zbe,13.384,13.038,0.346,2.65
2025-10-19,PM10,zbe,6.944,8.199,-1.254,-15.3
2025-10-20,PM10,zbe,2.731,10.289,-7.557,-73.45
2025-10-21,PM10,zbe,2.651,8.768,-6.117,-69.76
2025-10-22,PM10,zbe,5.545,8.769,-3.223,-36.76
2025-10-23,PM10,zbe,14.145,6.483,7.663,118.21
2025-10-24,PM10,zbe,11.72,8.611,3.11,36.11
2025-10-25,PM10,zbe,6.77,7.168,-0.397,-5.54
2025-10-26,PM10,zbe,6.621,8.451,-1.83,-21.65
2025-10-27,PM10,zbe,11.844,10.27,1.573,15.32
2025-10-28,PM10,zbe,8.574,10.62,-2.046,-19.27
2025-10-29,PM10,zbe,5.447,9.492,-4.045,-42.62
2025-10-30,PM10,zbe,3.608,10.769,-7.161,-66.5
2025-10-31,PM10,zbe,2.817,9.146,-6.329,-69.2
2025-11-01,PM10,zbe,3.935,6.068,-2.133,-35.15
2025-11-02,PM10,zbe,6.471,9.555,-3.085,-32.28
2025-11-03,PM10,zbe,7.462,12.744,-5.282,-41.45
2025-11-04,PM10,zbe,7.454,12.363,-4.909,-39.71
2025-11-05,PM10,zbe,3.573,11.387,-7.814,-68.63
2025-11-06,PM10,zbe,4.145,8.943,-4.797,-53.65
2025-11-07,PM10,zbe,4.221,8.119,-3.898,-48.01
2025-11-08,PM10,zbe,7.477,8.253,-0.776,-9.4
2025-11-09,PM10,zbe,5.156,10.645,-5.489,-51.56
2025-11-10,PM10,zbe,3.931,10.961,-7.03,-64.13
2025-11-11,PM10,zbe,7.816,11.947,-4.131,-34.58
2025-11-12,PM10,zbe,16.754,10.885,5.869,53.92
2025-11-13,PM10,zbe,26.366,8.933,17.433,195.16
2025-11-14,PM10,zbe,6.764,11.295,-4.531,-40.11
2025-11-15,PM10,zbe,5.692,9.597,-3.905,-40.69
2025-11-16,PM10,zbe,5.933,9.192,-3.259,-35.46
2025-11-17,PM10,zbe,13.273,9.461,3.812,40.29
2025-11-18,PM10,zbe,11.168,9.358,1.81,19.34
2025-11-19,PM10,zbe,7.559,7.941,-0.382,-4.81
2025-11-20,PM10,zbe,8.941,8.641,0.3,3.47
2025-11-21,PM10,zbe,9.009,8.759,0.249,2.85
2025-11-22,PM10,zbe,5.95,8.515,-2.565,-30.12
2025-11-23,PM10,zbe,4.042,8.473,-4.431,-52.29
2025-11-24,PM10,zbe,8.447,8.483,-0.036,-0.43
2025-11-25,PM10,zbe,16.775,9.392,7.383,78.62
2025-11-26,PM10,zbe,12.261,11.363,0.898,7.9
2025-11-27,PM10,zbe,12.48,11.951,0.529,4.42
2025-11-28,PM10,zbe,16.47,13.301,3.169,23.82
2025-11-29,PM10,zbe,9.519,12.694,-3.176,-25.02
2025-11-30,PM10,zbe,14.137,9.471,4.667,49.27
2025-12-01,PM10,zbe,6.186,13.361,-7.174,-53.7
2025-12-02,PM10,zbe,8.309,8.168,0.142,1.73
2025-12-03,PM10,zbe,6.981,10.425,-3.444,-33.04
2025-12-04,PM10,zbe,10.796,8.362,2.433,29.1
2025-12-05,PM10,zbe,7.378,7.247,0.131,1.8
2025-12-06,PM10,zbe,2.698,8.019,-5.321,-66.35
2025-12-07,PM10,zbe,2.674,9.359,-6.684,-71.43
2025-12-08,PM10,zbe,6.913,12.955,-6.043,-46.64
2025-12-09,PM10,zbe,13.123,10.589,2.534,23.93
2025-12-10,PM10,zbe,15.414,8.732,6.683,76.53
2025-12-11,PM10,zbe,23.255,13.21,10.045,76.05
2025-12-12,PM10,zbe,32.011,15.644,16.367,104.62
2025-12-13,PM10,zbe,32.422,14.043,18.379,130.87
2025-12-14,PM10,zbe,30.896,12.915,17.981,139.23
2025-12-15,PM10,zbe,14.158,10.869,3.289,30.26
2025-12-16,PM10,zbe,14.394,8.946,5.448,60.9
2025-12-17,PM10,zbe,11.887,12.283,-0.396,-3.23
2025-12-18,PM10,zbe,10.837,10.235,0.602,5.88
2025-12-19,PM10,zbe,15.141,8.485,6.655,78.43
2025-12-20,PM10,zbe,10.511,9.091,1.42,15.62
2025-12-21,PM10,zbe,3.534,8.334,-4.8,-57.6
2025-12-22,PM10,zbe,3.75,7.409,-3.659,-49.38
2025-12-23,PM10,zbe,6.931,9.848,-2.917,-29.62
2025-12-24,PM10,zbe,10.804,8.54,2.265,26.52
2025-12-25,PM10,zbe,9.89,9.466,0.423,4.47
2025-12-26,PM10,zbe,11.02,8.622,2.399,27.82
2025-12-27,PM10,zbe,5.353,9.468,-4.115,-43.46
2025-12-28,PM10,zbe,9.888,9.555,0.333,3.49
2025-12-29,PM10,zbe,13.704,11.244,2.461,21.88
2025-12-30,PM10,zbe,14.797,10.493,4.305,41.03
2025-12-31,PM10,zbe,20.85,11.706,9.144,78.11
2026-01-01,PM10,zbe,16.727,12.266,4.461,36.37
2026-01-02,PM10,zbe,15.578,12.495,3.083,24.68
2026-01-03,PM10,zbe,8.217,9.928,-1.711,-17.23
2026-01-04,PM10,zbe,7.754,10.532,-2.778,-26.37
2026-01-05,PM10,zbe,10.136,10.76,-0.623,-5.79
2026-01-06,PM10,zbe,12.48,7.203,5.277,73.25
2026-01-07,PM10,zbe,8.155,9.033,-0.877,-9.71
2026-01-08,PM10,zbe,5.693,11.566,-5.872,-50.77
2026-01-09,PM10,zbe,7.62,8.395,-0.775,-9.23
2026-01-10,PM10,zbe,10.455,7.246,3.209,44.29
2026-01-11,PM10,zbe,5.038,11.334,-6.296,-55.55
2026-01-12,PM10,zbe,9.519,12.033,-2.514,-20.89
2026-01-13,PM10,zbe,13.208,10.812,2.396,22.16
2026-01-14,PM10,zbe,20.48,12.678,7.802,61.54
2026-01-15,PM10,zbe,18.484,10.694,7.789,72.83
2026-01-16,PM10,zbe,17.794,11.129,6.665,59.88
2026-01-17,PM10,zbe,9.701,8.208,1.493,18.18
2026-01-18,PM10,zbe,8.489,11.441,-2.952,-25.81
2026-01-19,PM10,zbe,12.79,12.968,-0.178,-1.37
2026-01-20,PM10,zbe,11.493,10.266,1.227,11.95
2026-01-21,PM10,zbe,9.689,7.025,2.664,37.92
2026-01-22,PM10,zbe,9.667,9.023,0.644,7.14
2026-01-23,PM10,zbe,5.269,8.194,-2.925,-35.7
2026-01-24,PM10,zbe,5.35,7.556,-2.206,-29.19
2026-01-25,PM10,zbe,11.087,7.812,3.275,41.92
2026-01-26,PM10,zbe,8.308,8.462,-0.154,-1.82
2026-01-27,PM10,zbe,6.12,8.011,-1.892,-23.61
2026-01-28,PM10,zbe,9.554,10.294,-0.74,-7.19
2026-01-29,PM10,zbe,14.797,8.312,6.484,78.01
2026-01-30,PM10,zbe,13.173,6.916,6.258,90.49
2026-01-31,PM10,zbe,14.441,7.366,7.075,96.05
2026-02-01,PM10,zbe,8.152,10.067,-1.915,-19.02
2026-02-02,PM10,zbe,5.247,8.461,-3.214,-37.99
2026-02-03,PM10,zbe,5.023,9.931,-4.908,-49.42
2026-02-04,PM10,zbe,7.257,8.745,-1.488,-17.01
2026-02-05,PM10,zbe,7.052,7.869,-0.817,-10.38
2026-02-06,PM10,zbe,8.836,9.708,-0.872,-8.98
2026-02-07,PM10,zbe,5.407,7.894,-2.487,-31.5
2026-02-08,PM10,zbe,7.767,7.835,-0.068,-0.87
2026-02-09,PM10,zbe,6.355,8.826,-2.472,-28.0
2026-02-10,PM10,zbe,13.22,9.626,3.594,37.33
2026-02-11,PM10,zbe,19.094,9.024,10.07,111.59
2026-02-12,PM10,zbe,17.746,12.686,5.06,39.89
2026-02-13,PM10,zbe,11.261,8.234,3.028,36.77
2026-02-14,PM10,zbe,16.209,9.17,7.039,76.76
2026-02-15,PM10,zbe,5.598,10.246,-4.648,-45.36
2026-02-16,PM10,zbe,5.564,9.076,-3.512,-38.69
2026-02-17,PM10,zbe,12.744,8.648,4.095,47.36
2026-02-18,PM10,zbe,7.381,8.336,-0.956,-11.46
2026-02-19,PM10,zbe,15.066,9.893,5.173,52.29
2026-02-20,PM10,zbe,24.451,11.277,13.174,116.82
2026-02-21,PM10,zbe,16.13,12.857,3.273,25.46
2026-02-22,PM10,zbe,17.616,13.837,3.779,27.31
2026-02-23,PM10,zbe,20.695,13.505,7.19,53.24
2026-02-24,PM10,zbe,23.926,13.48,10.446,77.49
2026-02-25,PM10,zbe,28.059,14.362,13.697,95.37
2026-02-26,PM10,zbe,30.003,14.612,15.39,105.33
2026-02-27,PM10,zbe,26.043,11.936,14.106,118.18
2026-02-28,PM10,zbe,36.478,10.709,25.769,240.64
2026-03-01,PM10,zbe,24.926,11.405,13.521,118.55
2026-03-02,PM10,zbe,21.623,9.973,11.651,116.83
2026-03-03,PM10,zbe,27.734,11.623,16.111,138.62
2026-03-04,PM10,zbe,47.382,11.847,35.535,299.96
2026-03-05,PM10,zbe,24.889,8.116,16.773,206.66
2026-03-06,PM10,zbe,4.971,7.304,-2.333,-31.94
2025-09-01,PM10,out,10.638,8.161,2.477,30.35
2025-09-02,PM10,out,8.867,9.939,-1.071,-10.78
2025-09-03,PM10,out,15.602,8.505,7.097,83.45
2025-09-04,PM10,out,12.471,9.08,3.391,37.34
2025-09-05,PM10,out,12.175,13.643,-1.467,-10.76
2025-09-06,PM10,out,12.246,9.966,2.28,22.87
2025-09-07,PM10,out,8.894,10.773,-1.879,-17.44
2025-09-08,PM10,out,6.274,8.54,-2.266,-26.53
2025-09-09,PM10,out,10.603,10.036,0.568,5.65
2025-09-10,PM10,out,12.964,8.399,4.566,54.36
2025-09-11,PM10,out,10.325,13.462,-3.137,-23.3
2025-09-12,PM10,out,9.489,8.708,0.781,8.97
2025-09-13,PM10,out,10.679,8.973,1.705,19.0
2025-09-14,PM10,out,6.829,9.295,-2.465,-26.53
2025-09-15,PM10,out,9.454,9.389,0.065,0.69
2025-09-16,PM10,out,14.189,10.027,4.162,41.51
2025-09-17,PM10,out,16.437,10.818,5.619,51.94
2025-09-18,PM10,out,16.911,14.396,2.515,17.47
2025-09-19,PM10,out,12.131,11.832,0.299,2.53
2025-09-20,PM10,out,7.552,8.925,-1.372,-15.38
2025-09-21,PM10,out,4.151,7.011,-2.86,-40.79
2025-09-22,PM10,out,4.667,8.961,-4.295,-47.93
2025-09-23,PM10,out,7.614,10.069,-2.454,-24.38
2025-09-24,PM10,out,8.823,9.513,-0.69,-7.25
2025-09-25,PM10,out,11.862,10.279,1.582,15.39
2025-09-26,PM10,out,13.844,10.064,3.78,37.56
2025-09-27,PM10,out,11.159,10.282,0.877,8.53
2025-09-28,PM10,out,12.148,11.536,0.612,5.3
2025-09-29,PM10,out,14.439,10.104,4.334,42.89
2025-09-30,PM10,out,13.761,10.713,3.049,28.46
2025-10-01,PM10,out,16.983,15.629,1.354,8.66
2025-10-02,PM10,out,15.817,16.237,-0.42,-2.59
2025-10-03,PM10,out,18.501,16.368,2.133,13.03
2025-10-04,PM10,out,11.899,11.605,0.294,2.53
2025-10-05,PM10,out,12.795,10.072,2.722,27.03
2025-10-06,PM10,out,12.547,10.415,2.132,20.47
2025-10-07,PM10,out,10.746,14.624,-3.878,-26.52
2025-10-08,PM10,out,15.942,14.187,1.754,12.37
2025-10-09,PM10,out,13.084,8.828,4.257,48.22
2025-10-10,PM10,out,16.462,12.797,3.665,28.64
2025-10-11,PM10,out,13.796,12.358,1.438,11.64
2025-10-12,PM10,out,8.863,12.125,-3.261,-26.9
2025-10-13,PM10,out,12.984,12.652,0.332,2.62
2025-10-14,PM10,out,26.479,9.499,16.98,178.75
2025-10-15,PM10,out,24.949,15.648,9.302,59.44
2025-10-16,PM10,out,26.779,14.377,12.402,86.26
2025-10-17,PM10,out,21.732,15.145,6.586,43.49
2025-10-18,PM10,out,17.854,12.747,5.106,40.06
2025-10-19,PM10,out,9.189,6.792,2.396,35.28
2025-10-20,PM10,out,3.636,8.057,-4.421,-54.87
2025-10-21,PM10,out,3.537,7.855,-4.318,-54.98
2025-10-22,PM10,out,6.824,8.551,-1.727,-20.19
2025-10-23,PM10,out,17.172,7.359,9.813,133.35
2025-10-24,PM10,out,14.982,8.982,6.0,66.8
2025-10-25,PM10,out,8.971,11.853,-2.882,-24.31
2025-10-26,PM10,out,7.919,11.011,-3.092,-28.08
2025-10-27,PM10,out,11.587,10.389,1.198,11.53
2025-10-28,PM10,out,10.336,11.065,-0.729,-6.59
2025-10-29,PM10,out,7.147,12.524,-5.377,-42.93
2025-10-30,PM10,out,4.813,10.618,-5.805,-54.67
2025-10-31,PM10,out,3.4,7.732,-4.332,-56.03
2025-11-01,PM10,out,5.313,6.712,-1.399,-20.85
2025-11-02,PM10,out,7.83,9.513,-1.683,-17.69
2025-11-03,PM10,out,8.672,11.743,-3.071,-26.15
2025-11-04,PM10,out,8.926,11.232,-2.306,-20.53
2025-11-05,PM10,out,4.433,11.223,-6.789,-60.5
2025-11-06,PM10,out,5.256,10.88,-5.623,-51.69
2025-11-07,PM10,out,5.618,10.988,-5.37,-48.87
2025-11-08,PM10,out,8.92,10.401,-1.482,-14.25
2025-11-09,PM10,out,6.085,12.022,-5.937,-49.39
2025-11-10,PM10,out,4.516,11.016,-6.5,-59.01
2025-11-11,PM10,out,6.725,10.929,-4.204,-38.46
2025-11-12,PM10,out,9.913,11.253,-1.34,-11.91
2025-11-13,PM10,out,12.699,10.841,1.858,17.14
2025-11-14,PM10,out,3.255,9.497,-6.242,-65.73
2025-11-15,PM10,out,3.053,9.83,-6.777,-68.95
2025-11-16,PM10,out,4.233,10.396,-6.163,-59.28
2025-11-17,PM10,out,7.681,9.521,-1.84,-19.32
2025-11-18,PM10,out,7.887,8.835,-0.948,-10.73
2025-11-19,PM10,out,4.411,6.524,-2.113,-32.39
2025-11-20,PM10,out,2.779,7.327,-4.549,-62.08
2025-11-21,PM10,out,4.671,6.384,-1.713,-26.83
2025-11-22,PM10,out,4.041,9.181,-5.14,-55.99
2025-11-23,PM10,out,2.65,8.719,-6.07,-69.61
2025-11-24,PM10,out,3.554,9.166,-5.611,-61.22
2025-11-25,PM10,out,7.454,7.856,-0.401,-5.11
2025-11-26,PM10,out,7.966,8.951,-0.985,-11.0
2025-11-27,PM10,out,9.815,11.234,-1.419,-12.63
2025-11-28,PM10,out,12.245,10.783,1.462,13.56
2025-11-29,PM10,out,7.283,12.026,-4.743,-39.44
2025-11-30,PM10,out,9.691,7.214,2.478,34.34
2025-12-01,PM10,out,4.398,8.365,-3.967,-47.42
2025-12-02,PM10,out,6.178,6.182,-0.004,-0.06
2025-12-03,PM10,out,4.947,7.302,-2.355,-32.25
2025-12-04,PM10,out,3.884,6.434,-2.55,-39.64
2025-12-05,PM10,out,3.936,5.866,-1.931,-32.91
2025-12-06,PM10,out,1.727,6.422,-4.695,-73.11
2025-12-07,PM10,out,1.895,8.344,-6.449,-77.28
2025-12-08,PM10,out,5.248,8.329,-3.081,-36.99
2025-12-09,PM10,out,10.31,8.262,2.049,24.8
2025-12-10,PM10,out,11.695,8.724,2.971,34.06
2025-12-11,PM10,out,18.648,14.393,4.255,29.56
2025-12-12,PM10,out,28.294,15.138,13.156,86.91
2025-12-13,PM10,out,23.928,14.446,9.482,65.64
2025-12-14,PM10,out,23.073,12.647,10.427,82.45
2025-12-15,PM10,out,11.701,10.796,0.905,8.39
2025-12-16,PM10,out,13.131,12.132,0.999,8.23
2025-12-17,PM10,out,9.428,15.436,-6.008,-38.92
2025-12-18,PM10,out,8.101,11.51,-3.409,-29.62
2025-12-19,PM10,out,12.3,10.624,1.676,15.78
2025-12-20,PM10,out,8.224,9.758,-1.534,-15.72
2025-12-21,PM10,out,2.314,9.154,-6.84,-74.72
2025-12-22,PM10,out,2.795,8.962,-6.167,-68.81
2025-12-23,PM10,out,4.982,8.377,-3.395,-40.53
2025-12-24,PM10,out,7.715,7.082,0.633,8.93
2025-12-25,PM10,out,7.844,8.469,-0.625,-7.38
2025-12-26,PM10,out,9.578,10.424,-0.846,-8.12
2025-12-27,PM10,out,4.385,8.397,-4.012,-47.78
2025-12-28,PM10,out,7.813,11.532,-3.719,-32.25
2025-12-29,PM10,out,11.436,12.371,-0.935,-7.55
2025-12-30,PM10,out,13.018,10.285,2.732,26.57
2025-12-31,PM10,out,16.404,11.534,4.87,42.22
2026-01-01,PM10,out,14.203,14.87,-0.667,-4.48
2026-01-02,PM10,out,13.799,12.75,1.049,8.23
2026-01-03,PM10,out,6.534,10.945,-4.411,-40.3
2026-01-04,PM10,out,6.364,9.089,-2.725,-29.98
2026-01-05,PM10,out,7.389,7.892,-0.502,-6.37
2026-01-06,PM10,out,8.329,7.818,0.512,6.54
2026-01-07,PM10,out,5.58,9.425,-3.845,-40.79
2026-01-08,PM10,out,3.471,13.536,-10.064,-74.35
2026-01-09,PM10,out,4.192,8.278,-4.086,-49.36
2026-01-10,PM10,out,6.975,7.977,-1.002,-12.56
2026-01-11,PM10,out,3.17,10.788,-7.618,-70.62
2026-01-12,PM10,out,6.61,9.948,-3.337,-33.55
2026-01-13,PM10,out,8.866,9.538,-0.671,-7.04
2026-01-14,PM10,out,3.958,9.332,-5.374,-57.59
2026-01-15,PM10,out,4.763,6.274,-1.511,-24.08
2026-01-16,PM10,out,13.859,7.49,6.369,85.03
2026-01-17,PM10,out,6.922,5.476,1.446,26.4
2026-01-18,PM10,out,4.268,10.47,-6.201,-59.23
2026-01-19,PM10,out,7.271,8.323,-1.052,-12.64
2026-01-20,PM10,out,4.553,6.654,-2.102,-31.58
2026-01-21,PM10,out,3.904,5.081,-1.177,-23.16
2026-01-22,PM10,out,5.125,4.584,0.541,11.79
2026-01-23,PM10,out,2.851,4.282,-1.43,-33.41
2026-01-24,PM10,out,3.373,6.106,-2.734,-44.77
2026-01-25,PM10,out,6.415,5.655,0.761,13.45
2026-01-26,PM10,out,4.679,7.226,-2.547,-35.25
2026-01-27,PM10,out,2.604,13.387,-10.782,-80.55
2026-01-28,PM10,out,4.328,9.12,-4.791,-52.54
2026-01-29,PM10,out,8.219,8.641,-0.422,-4.88
2026-01-30,PM10,out,6.602,7.073,-0.47,-6.65
2026-01-31,PM10,out,9.64,7.205,2.435,33.8
2026-02-01,PM10,out,5.024,9.521,-4.497,-47.23
2026-02-02,PM10,out,2.269,8.275,-6.007,-72.59
2026-02-03,PM10,out,2.446,6.87,-4.423,-64.39
2026-02-04,PM10,out,3.847,5.531,-1.685,-30.46
2026-02-05,PM10,out,2.99,5.434,-2.445,-44.98
2026-02-06,PM10,out,3.64,6.222,-2.582,-41.5
2026-02-07,PM10,out,3.223,5.896,-2.674,-45.35
2026-02-08,PM10,out,8.32,5.271,3.049,57.83
2026-02-09,PM10,out,6.56,5.767,0.793,13.75
2026-02-10,PM10,out,5.461,9.755,-4.294,-44.02
2026-02-11,PM10,out,9.623,7.701,1.922,24.95
2026-02-12,PM10,out,9.627,9.348,0.279,2.98
2026-02-13,PM10,out,5.021,5.778,-0.756,-13.09
2026-02-14,PM10,out,9.033,5.28,3.754,71.1
2026-02-15,PM10,out,3.227,7.639,-4.412,-57.75
2026-02-16,PM10,out,2.627,6.406,-3.779,-58.99
2026-02-17,PM10,out,7.968,6.77,1.198,17.69
2026-02-18,PM10,out,4.559,5.696,-1.138,-19.98
2026-02-19,PM10,out,8.125,6.146,1.979,32.19
2026-02-20,PM10,out,15.762,7.359,8.404,114.2
2026-02-21,PM10,out,11.549,9.588,1.96,20.44
2026-02-22,PM10,out,11.454,13.599,-2.144,-15.77
2026-02-23,PM10,out,12.445,13.547,-1.102,-8.13
2026-02-24,PM10,out,16.119,13.091,3.028,23.13
2026-02-25,PM10,out,20.02,14.113,5.907,41.85
2026-02-26,PM10,out,23.11,12.992,10.119,77.89
2026-02-27,PM10,out,16.964,9.781,7.182,73.43
2026-02-28,PM10,out,13.316,8.123,5.193,63.94
2026-03-01,PM10,out,12.993,10.668,2.325,21.79
2026-03-02,PM10,out,15.864,9.587,6.276,65.47
2026-03-03,PM10,out,19.875,9.831,10.044,102.16
2026-03-04,PM10,out,30.498,10.222,20.276,198.35
2026-03-05,PM10,out,14.929,7.522,7.407,98.47
2026-03-06,PM10,out,2.578,7.411,-4.833,-65.21
2025-09-01,PM2.5,zbe,3.357,5.502,-2.144,-38.98
2025-09-02,PM2.5,zbe,3.066,7.43,-4.363,-58.73
2025-09-03,PM2.5,zbe,5.554,4.729,0.825,17.44
2025-09-04,PM2.5,zbe,5.139,7.127,-1.988,-27.89
2025-09-05,PM2.5,zbe,5.497,8.818,-3.322,-37.67
2025-09-06,PM2.5,zbe,4.303,5.909,-1.606,-27.19
2025-09-07,PM2.5,zbe,3.857,6.294,-2.437,-38.71
2025-09-08,PM2.5,zbe,2.889,5.83,-2.941,-50.44
2025-09-09,PM2.5,zbe,5.314,6.314,-1.0,-15.84
2025-09-10,PM2.5,zbe,4.931,5.161,-0.23,-4.46
2025-09-11,PM2.5,zbe,4.212,9.123,-4.911,-53.83
2025-09-12,PM2.5,zbe,3.8,7.624,-3.825,-50.16
2025-09-13,PM2.5,zbe,4.644,8.06,-3.416,-42.38
2025-09-14,PM2.5,zbe,3.137,7.56,-4.422,-58.5
2025-09-15,PM2.5,zbe,3.356,9.976,-6.62,-66.36
2025-09-16,PM2.5,zbe,5.333,7.961,-2.628,-33.01
2025-09-17,PM2.5,zbe,7.51,7.691,-0.181,-2.35
2025-09-18,PM2.5,zbe,7.333,9.62,-2.288,-23.78
2025-09-19,PM2.5,zbe,5.311,9.375,-4.064,-43.35
2025-09-20,PM2.5,zbe,3.661,5.635,-1.974,-35.03
2025-09-21,PM2.5,zbe,1.499,4.715,-3.216,-68.21
2025-09-22,PM2.5,zbe,1.559,5.617,-4.058,-72.25
2025-09-23,PM2.5,zbe,2.837,5.024,-2.187,-43.54
2025-09-24,PM2.5,zbe,3.523,7.299,-3.777,-51.74
2025-09-25,PM2.5,zbe,6.715,7.841,-1.126,-14.36
2025-09-26,PM2.5,zbe,6.6,7.542,-0.941,-12.48
2025-09-27,PM2.5,zbe,5.619,8.169,-2.55,-31.21
2025-09-28,PM2.5,zbe,4.135,7.494,-3.359,-44.83
2025-09-29,PM2.5,zbe,5.431,8.637,-3.206,-37.12
2025-09-30,PM2.5,zbe,6.812,9.056,-2.244,-24.78
2025-10-01,PM2.5,zbe,8.981,9.148,-0.167,-1.83
2025-10-02,PM2.5,zbe,7.181,9.24,-2.059,-22.28
2025-10-03,PM2.5,zbe,9.111,10.83,-1.718,-15.87
2025-10-04,PM2.5,zbe,4.491,6.774,-2.283,-33.7
2025-10-05,PM2.5,zbe,4.259,5.593,-1.334,-23.85
2025-10-06,PM2.5,zbe,4.357,8.944,-4.587,-51.29
2025-10-07,PM2.5,zbe,4.348,8.454,-4.106,-48.57
2025-10-08,PM2.5,zbe,7.873,8.759,-0.886,-10.12
2025-10-09,PM2.5,zbe,5.971,8.852,-2.88,-32.54
2025-10-10,PM2.5,zbe,9.117,7.25,1.868,25.76
2025-10-11,PM2.5,zbe,7.615,8.28,-0.665,-8.03
2025-10-12,PM2.5,zbe,4.28,9.214,-4.934,-53.55
2025-10-13,PM2.5,zbe,6.509,9.552,-3.043,-31.86
2025-10-14,PM2.5,zbe,14.352,9.812,4.54,46.27
2025-10-15,PM2.5,zbe,14.28,9.704,4.576,47.15
2025-10-16,PM2.5,zbe,16.508,10.453,6.055,57.92
2025-10-17,PM2.5,zbe,12.865,9.532,3.332,34.96
2025-10-18,PM2.5,zbe,9.271,9.263,0.008,0.09
2025-10-19,PM2.5,zbe,4.577,4.438,0.14,3.15
2025-10-20,PM2.5,zbe,1.42,6.199,-4.779,-77.09
2025-10-21,PM2.5,zbe,1.312,4.744,-3.432,-72.35
2025-10-22,PM2.5,zbe,2.423,4.247,-1.824,-42.94
2025-10-23,PM2.5,zbe,6.057,3.725,2.332,62.6
2025-10-24,PM2.5,zbe,6.012,4.787,1.225,25.59
2025-10-25,PM2.5,zbe,3.598,4.743,-1.145,-24.15
2025-10-26,PM2.5,zbe,2.863,4.846,-1.983,-40.92
2025-10-27,PM2.5,zbe,7.806,7.061,0.745,10.56
2025-10-28,PM2.5,zbe,5.568,7.627,-2.059,-26.99
2025-10-29,PM2.5,zbe,3.027,5.66,-2.633,-46.53
2025-10-30,PM2.5,zbe,2.055,7.586,-5.532,-72.92
2025-10-31,PM2.5,zbe,1.577,4.069,-2.492,-61.25
2025-11-01,PM2.5,zbe,2.373,3.07,-0.697,-22.69
2025-11-02,PM2.5,zbe,3.297,4.985,-1.688,-33.86
2025-11-03,PM2.5,zbe,3.946,8.09,-4.143,-51.22
2025-11-04,PM2.5,zbe,3.675,7.166,-3.492,-48.72
2025-11-05,PM2.5,zbe,1.818,7.08,-5.262,-74.33
2025-11-06,PM2.5,zbe,2.219,5.145,-2.926,-56.88
2025-11-07,PM2.5,zbe,2.098,5.252,-3.154,-60.06
2025-11-08,PM2.5,zbe,3.641,4.045,-0.404,-9.98
2025-11-09,PM2.5,zbe,3.144,6.794,-3.65,-53.72
2025-11-10,PM2.5,zbe,2.372,7.528,-5.156,-68.49
2025-11-11,PM2.5,zbe,3.524,7.021,-3.497,-49.81
2025-11-12,PM2.5,zbe,5.347,6.335,-0.988,-15.6
2025-11-13,PM2.5,zbe,5.691,5.494,0.197,3.58
2025-11-14,PM2.5,zbe,1.826,5.809,-3.983,-68.56
2025-11-15,PM2.5,zbe,1.95,5.006,-3.056,-61.05
2025-11-16,PM2.5,zbe,2.921,5.275,-2.354,-44.62
2025-11-17,PM2.5,zbe,4.029,5.393,-1.364,-25.29
2025-11-18,PM2.5,zbe,4.99,5.309,-0.319,-6.02
2025-11-19,PM2.5,zbe,2.734,4.765,-2.03,-42.61
2025-11-20,PM2.5,zbe,1.704,5.736,-4.032,-70.29
2025-11-21,PM2.5,zbe,3.308,4.575,-1.267,-27.7
2025-11-22,PM2.5,zbe,2.919,5.57,-2.65,-47.59
2025-11-23,PM2.5,zbe,1.793,5.212,-3.419,-65.6
2025-11-24,PM2.5,zbe,1.917,4.038,-2.121,-52.54
2025-11-25,PM2.5,zbe,3.864,4.439,-0.575,-12.95
2025-11-26,PM2.5,zbe,4.279,5.539,-1.26,-22.75
2025-11-27,PM2.5,zbe,8.887,8.605,0.282,3.28
2025-11-28,PM2.5,zbe,12.955,9.6,3.355,34.95
2025-11-29,PM2.5,zbe,5.193,7.23,-2.037,-28.18
2025-11-30,PM2.5,zbe,6.191,5.458,0.733,13.42
2025-12-01,PM2.5,zbe,3.342,7.161,-3.82,-53.34
2025-12-02,PM2.5,zbe,4.402,4.113,0.289,7.03
2025-12-03,PM2.5,zbe,3.172,4.967,-1.795,-36.14
2025-12-04,PM2.5,zbe,2.532,4.366,-1.834,-42.0
2025-12-05,PM2.5,zbe,2.656,4.687,-2.031,-43.33
2025-12-06,PM2.5,zbe,1.231,4.523,-3.291,-72.78
2025-12-07,PM2.5,zbe,1.409,4.992,-3.583,-71.77
2025-12-08,PM2.5,zbe,3.506,6.667,-3.161,-47.41
2025-12-09,PM2.5,zbe,6.595,5.835,0.76,13.03
2025-12-10,PM2.5,zbe,9.471,6.309,3.162,50.12
2025-12-11,PM2.5,zbe,15.525,9.162,6.362,69.44
2025-12-12,PM2.5,zbe,24.497,8.6,15.897,184.86
2025-12-13,PM2.5,zbe,26.295,9.409,16.887,179.48
2025-12-14,PM2.5,zbe,25.201,8.723,16.478,188.89
2025-12-15,PM2.5,zbe,10.793,8.052,2.741,34.05
2025-12-16,PM2.5,zbe,9.896,5.786,4.11,71.05
2025-12-17,PM2.5,zbe,6.981,8.714,-1.733,-19.89
2025-12-18,PM2.5,zbe,6.474,6.333,0.141,2.23
2025-12-19,PM2.5,zbe,11.694,5.867,5.827,99.33
2025-12-20,PM2.5,zbe,7.867,5.867,2.0,34.1
2025-12-21,PM2.5,zbe,1.81,4.469,-2.659,-59.49
2025-12-22,PM2.5,zbe,1.905,4.836,-2.932,-60.62
2025-12-23,PM2.5,zbe,3.845,5.987,-2.142,-35.78
2025-12-24,PM2.5,zbe,7.268,4.322,2.946,68.16
2025-12-25,PM2.5,zbe,6.98,5.152,1.828,35.48
2025-12-26,PM2.5,zbe,8.946,6.125,2.821,46.06
2025-12-27,PM2.5,zbe,2.967,6.214,-3.247,-52.26
2025-12-28,PM2.5,zbe,6.446,7.359,-0.913,-12.4
2025-12-29,PM2.5,zbe,10.478,8.134,2.343,28.81
2025-12-30,PM2.5,zbe,11.377,7.829,3.548,45.32
2025-12-31,PM2.5,zbe,16.623,8.381,8.242,98.34
2026-01-01,PM2.5,zbe,14.127,9.063,5.064,55.87
2026-01-02,PM2.5,zbe,12.978,10.112,2.866,28.35
2026-01-03,PM2.5,zbe,5.541,6.331,-0.79,-12.48
2026-01-04,PM2.5,zbe,3.815,4.775,-0.96,-20.11
2026-01-05,PM2.5,zbe,4.175,6.885,-2.709,-39.36
2026-01-06,PM2.5,zbe,5.001,4.641,0.36,7.76
2026-01-07,PM2.5,zbe,4.474,7.47,-2.996,-40.11
2026-01-08,PM2.5,zbe,2.556,5.271,-2.715,-51.5
2026-01-09,PM2.5,zbe,2.595,4.439,-1.843,-41.53
2026-01-10,PM2.5,zbe,5.394,4.339,1.055,24.31
2026-01-11,PM2.5,zbe,2.597,6.378,-3.78,-59.27
2026-01-12,PM2.5,zbe,4.999,5.398,-0.399,-7.4
2026-01-13,PM2.5,zbe,7.12,5.948,1.172,19.71
2026-01-14,PM2.5,zbe,3.181,6.552,-3.371,-51.45
2026-01-15,PM2.5,zbe,4.277,4.461,-0.183,-4.11
2026-01-16,PM2.5,zbe,12.62,6.259,6.361,101.64
2026-01-17,PM2.5,zbe,6.379,4.957,1.423,28.7
2026-01-18,PM2.5,zbe,3.595,6.949,-3.355,-48.27
2026-01-19,PM2.5,zbe,5.181,8.758,-3.577,-40.84
2026-01-20,PM2.5,zbe,3.904,5.844,-1.94,-33.2
2026-01-21,PM2.5,zbe,2.967,3.286,-0.319,-9.72
2026-01-22,PM2.5,zbe,3.409,4.19,-0.781,-18.64
2026-01-23,PM2.5,zbe,1.925,3.744,-1.819,-48.58
2026-01-24,PM2.5,zbe,2.438,4.006,-1.568,-39.15
2026-01-25,PM2.5,zbe,4.719,3.167,1.552,48.99
2026-01-26,PM2.5,zbe,3.904,4.681,-0.777,-16.6
2026-01-27,PM2.5,zbe,1.431,4.643,-3.212,-69.19
2026-01-28,PM2.5,zbe,3.062,5.441,-2.38,-43.73
2026-01-29,PM2.5,zbe,6.096,4.093,2.003,48.95
2026-01-30,PM2.5,zbe,4.792,3.898,0.895,22.95
2026-01-31,PM2.5,zbe,7.919,3.929,3.99,101.54
2026-02-01,PM2.5,zbe,3.779,6.499,-2.72,-41.85
2026-02-02,PM2.5,zbe,1.488,4.523,-3.035,-67.11
2026-02-03,PM2.5,zbe,1.723,4.308,-2.585,-60.01
2026-02-04,PM2.5,zbe,3.075,3.935,-0.86,-21.86
2026-02-05,PM2.5,zbe,2.09,2.988,-0.898,-30.05
2026-02-06,PM2.5,zbe,2.529,4.138,-1.609,-38.89
2026-02-07,PM2.5,zbe,2.507,3.437,-0.93,-27.07
2026-02-08,PM2.5,zbe,3.048,4.451,-1.403,-31.52
2026-02-09,PM2.5,zbe,3.2,4.701,-1.501,-31.93
2026-02-10,PM2.5,zbe,4.027,5.099,-1.073,-21.04
2026-02-11,PM2.5,zbe,7.183,4.561,2.622,57.49
2026-02-12,PM2.5,zbe,6.911,5.268,1.643,31.18
2026-02-13,PM2.5,zbe,3.196,3.688,-0.493,-13.36
2026-02-14,PM2.5,zbe,4.825,4.25,0.575,13.53
2026-02-15,PM2.5,zbe,2.109,5.113,-3.004,-58.76
2026-02-16,PM2.5,zbe,2.403,3.359,-0.956,-28.46
2026-02-17,PM2.5,zbe,5.816,4.856,0.96,19.78
2026-02-18,PM2.5,zbe,2.989,4.105,-1.116,-27.19
2026-02-19,PM2.5,zbe,4.869,5.177,-0.309,-5.96
2026-02-20,PM2.5,zbe,10.277,5.655,4.622,81.74
2026-02-21,PM2.5,zbe,10.316,8.813,1.503,17.06
2026-02-22,PM2.5,zbe,11.36,9.032,2.328,25.77
2026-02-23,PM2.5,zbe,10.029,9.172,0.857,9.34
2026-02-24,PM2.5,zbe,11.089,7.837,3.251,41.48
2026-02-25,PM2.5,zbe,13.4,9.399,4.001,42.57
2026-02-26,PM2.5,zbe,17.128,8.872,8.256,93.05
2026-02-27,PM2.5,zbe,11.417,7.65,3.767,49.25
2026-02-28,PM2.5,zbe,10.705,7.966,2.739,34.38
2026-03-01,PM2.5,zbe,10.74,9.004,1.736,19.28
2026-03-02,PM2.5,zbe,11.172,7.17,4.003,55.83
2026-03-03,PM2.5,zbe,13.515,8.545,4.969,58.15
2026-03-04,PM2.5,zbe,17.005,8.187,8.818,107.7
2026-03-05,PM2.5,zbe,9.433,4.544,4.889,107.59
2026-03-06,PM2.5,zbe,1.75,4.004,-2.254,-56.3
2025-09-01,PM2.5,out,4.786,6.422,-1.636,-25.48
2025-09-02,PM2.5,out,4.064,5.481,-1.417,-25.85
2025-09-03,PM2.5,out,7.39,5.624,1.766,31.41
2025-09-04,PM2.5,out,7.078,6.416,0.662,10.32
2025-09-05,PM2.5,out,7.382,8.414,-1.032,-12.26
2025-09-06,PM2.5,out,5.523,5.889,-0.366,-6.21
2025-09-07,PM2.5,out,5.133,5.718,-0.585,-10.22
2025-09-08,PM2.5,out,4.052,5.301,-1.249,-23.56
2025-09-09,PM2.5,out,7.78,6.77,1.011,14.93
2025-09-10,PM2.5,out,6.898,5.768,1.13,19.6
2025-09-11,PM2.5,out,5.792,8.919,-3.128,-35.07
2025-09-12,PM2.5,out,5.472,6.488,-1.016,-15.66
2025-09-13,PM2.5,out,6.733,6.688,0.044,0.66
2025-09-14,PM2.5,out,4.35,7.207,-2.857,-39.64
2025-09-15,PM2.5,out,4.727,6.199,-1.472,-23.75
2025-09-16,PM2.5,out,8.005,6.793,1.212,17.85
2025-09-17,PM2.5,out,10.483,7.214,3.269,45.31
2025-09-18,PM2.5,out,9.936,8.607,1.329,15.45
2025-09-19,PM2.5,out,6.986,8.083,-1.097,-13.57
2025-09-20,PM2.5,out,5.103,6.76,-1.657,-24.52
2025-09-21,PM2.5,out,2.177,5.077,-2.9,-57.12
2025-09-22,PM2.5,out,2.661,5.49,-2.829,-51.53
2025-09-23,PM2.5,out,4.38,5.194,-0.814,-15.68
2025-09-24,PM2.5,out,5.744,7.198,-1.454,-20.2
2025-09-25,PM2.5,out,7.287,7.503,-0.216,-2.88
2025-09-26,PM2.5,out,8.201,7.613,0.588,7.73
2025-09-27,PM2.5,out,6.677,7.273,-0.596,-8.19
2025-09-28,PM2.5,out,5.792,7.734,-1.942,-25.11
2025-09-29,PM2.5,out,8.928,6.427,2.501,38.91
2025-09-30,PM2.5,out,9.892,6.514,3.378,51.86
2025-10-01,PM2.5,out,12.303,10.927,1.376,12.6
2025-10-02,PM2.5,out,9.744,11.179,-1.435,-12.83
2025-10-03,PM2.5,out,13.597,11.305,2.292,20.28
2025-10-04,PM2.5,out,6.627,7.99,-1.363,-17.06
2025-10-05,PM2.5,out,5.964,7.032,-1.068,-15.19
2025-10-06,PM2.5,out,6.477,9.349,-2.872,-30.72
2025-10-07,PM2.5,out,6.122,10.366,-4.244,-40.94
2025-10-08,PM2.5,out,10.929,9.308,1.621,17.41
2025-10-09,PM2.5,out,8.611,5.49,3.12,56.84
2025-10-10,PM2.5,out,12.447,8.334,4.113,49.35
2025-10-11,PM2.5,out,10.303,8.234,2.068,25.12
2025-10-12,PM2.5,out,5.868,7.943,-2.075,-26.13
2025-10-13,PM2.5,out,8.942,8.288,0.653,7.88
2025-10-14,PM2.5,out,21.06,7.35,13.709,186.51
2025-10-15,PM2.5,out,20.217,10.038,10.179,101.41
2025-10-16,PM2.5,out,21.469,8.828,12.64,143.18
2025-10-17,PM2.5,out,16.967,10.533,6.433,61.08
2025-10-18,PM2.5,out,13.143,8.828,4.315,48.88
2025-10-19,PM2.5,out,6.355,4.754,1.601,33.67
2025-10-20,PM2.5,out,1.826,5.095,-3.269,-64.17
2025-10-21,PM2.5,out,1.734,5.096,-3.363,-65.98
2025-10-22,PM2.5,out,3.243,5.41,-2.167,-40.06
2025-10-23,PM2.5,out,8.186,4.858,3.328,68.51
2025-10-24,PM2.5,out,8.751,6.485,2.266,34.93
2025-10-25,PM2.5,out,5.334,9.036,-3.702,-40.97
2025-10-26,PM2.5,out,3.826,7.22,-3.394,-47.0
2025-10-27,PM2.5,out,7.403,7.835,-0.432,-5.51
2025-10-28,PM2.5,out,6.739,8.982,-2.243,-24.98
2025-10-29,PM2.5,out,4.046,8.568,-4.522,-52.78
2025-10-30,PM2.5,out,2.647,5.696,-3.049,-53.52
2025-10-31,PM2.5,out,1.917,4.531,-2.614,-57.69
2025-11-01,PM2.5,out,3.393,4.642,-1.248,-26.89
2025-11-02,PM2.5,out,4.419,6.509,-2.091,-32.12
2025-11-03,PM2.5,out,5.197,9.141,-3.944,-43.14
2025-11-04,PM2.5,out,5.087,5.792,-0.705,-12.17
2025-11-05,PM2.5,out,2.428,5.465,-3.036,-55.56
2025-11-06,PM2.5,out,3.083,5.705,-2.622,-45.96
2025-11-07,PM2.5,out,3.064,5.781,-2.717,-47.0
2025-11-08,PM2.5,out,4.245,5.902,-1.657,-28.08
2025-11-09,PM2.5,out,3.808,9.098,-5.29,-58.14
2025-11-10,PM2.5,out,2.864,5.712,-2.848,-49.86
2025-11-11,PM2.5,out,4.107,5.799,-1.691,-29.17
2025-11-12,PM2.5,out,5.177,5.794,-0.617,-10.65
2025-11-13,PM2.5,out,5.259,5.484,-0.225,-4.11
2025-11-14,PM2.5,out,1.526,5.559,-4.033,-72.55
2025-11-15,PM2.5,out,1.689,5.21,-3.521,-67.58
2025-11-16,PM2.5,out,2.677,4.999,-2.322,-46.46
2025-11-17,PM2.5,out,3.835,5.866,-2.031,-34.63
2025-11-18,PM2.5,out,4.852,5.433,-0.581,-10.7
2025-11-19,PM2.5,out,2.696,6.153,-3.457,-56.18
2025-11-20,PM2.5,out,1.624,5.322,-3.698,-69.48
2025-11-21,PM2.5,out,2.913,5.267,-2.354,-44.69
2025-11-22,PM2.5,out,2.689,5.422,-2.732,-50.4
2025-11-23,PM2.5,out,1.84,5.326,-3.486,-65.46
2025-11-24,PM2.5,out,1.766,5.866,-4.1,-69.89
2025-11-25,PM2.5,out,3.388,5.236,-1.848,-35.29
2025-11-26,PM2.5,out,4.226,5.76,-1.533,-26.62
2025-11-27,PM2.5,out,7.449,8.719,-1.27,-14.56
2025-11-28,PM2.5,out,9.997,8.695,1.301,14.97
2025-11-29,PM2.5,out,5.455,10.582,-5.127,-48.45
2025-11-30,PM2.5,out,4.794,5.186,-0.392,-7.56
2025-12-01,PM2.5,out,2.979,5.802,-2.823,-48.65
2025-12-02,PM2.5,out,4.126,4.434,-0.308,-6.94
2025-12-03,PM2.5,out,2.951,5.576,-2.625,-47.08
2025-12-04,PM2.5,out,2.33,4.572,-2.242,-49.04
2025-12-05,PM2.5,out,2.332,4.724,-2.392,-50.63
2025-12-06,PM2.5,out,1.075,5.029,-3.954,-78.63
2025-12-07,PM2.5,out,1.186,4.883,-3.697,-75.71
2025-12-08,PM2.5,out,3.314,5.125,-1.811,-35.33
2025-12-09,PM2.5,out,6.484,5.318,1.166,21.93
2025-12-10,PM2.5,out,8.238,8.315,-0.077,-0.92
2025-12-11,PM2.5,out,14.778,9.963,4.815,48.33
2025-12-12,PM2.5,out,23.467,9.978,13.489,135.19
2025-12-13,PM2.5,out,19.877,10.186,9.692,95.15
2025-12-14,PM2.5,out,19.417,9.029,10.388,115.05
2025-12-15,PM2.5,out,9.417,7.911,1.506,19.04
2025-12-16,PM2.5,out,10.014,8.817,1.197,13.58
2025-12-17,PM2.5,out,6.517,9.959,-3.442,-34.57
2025-12-18,PM2.5,out,6.033,8.498,-2.465,-29.01
2025-12-19,PM2.5,out,10.222,8.698,1.524,17.53
2025-12-20,PM2.5,out,6.805,6.064,0.741,12.23
2025-12-21,PM2.5,out,1.665,6.554,-4.888,-74.59
2025-12-22,PM2.5,out,1.792,5.532,-3.74,-67.61
2025-12-23,PM2.5,out,3.427,6.068,-2.641,-43.53
2025-12-24,PM2.5,out,6.126,5.164,0.962,18.62
2025-12-25,PM2.5,out,6.248,6.458,-0.209,-3.24
2025-12-26,PM2.5,out,8.078,8.802,-0.725,-8.23
2025-12-27,PM2.5,out,3.005,6.214,-3.209,-51.65
2025-12-28,PM2.5,out,5.698,7.057,-1.36,-19.27
2025-12-29,PM2.5,out,9.23,9.356,-0.126,-1.34
2025-12-30,PM2.5,out,10.736,8.915,1.821,20.43
2025-12-31,PM2.5,out,13.648,8.274,5.374,64.94
2026-01-01,PM2.5,out,12.318,11.937,0.38,3.19
2026-01-02,PM2.5,out,11.838,10.321,1.517,14.7
2026-01-03,PM2.5,out,5.121,8.893,-3.772,-42.42
2026-01-04,PM2.5,out,3.855,5.38,-1.525,-28.35
2026-01-05,PM2.5,out,3.889,4.706,-0.818,-17.37
2026-01-06,PM2.5,out,4.771,4.817,-0.046,-0.95
2026-01-07,PM2.5,out,3.944,7.78,-3.836,-49.31
2026-01-08,PM2.5,out,2.355,7.796,-5.441,-69.79
2026-01-09,PM2.5,out,2.266,3.661,-1.396,-38.12
2026-01-10,PM2.5,out,4.114,3.995,0.119,2.99
2026-01-11,PM2.5,out,2.217,4.944,-2.726,-55.15
2026-01-12,PM2.5,out,4.842,4.826,0.016,0.34
2026-01-13,PM2.5,out,6.768,4.604,2.164,47.01
2026-01-14,PM2.5,out,2.792,4.839,-2.047,-42.3
2026-01-15,PM2.5,out,3.723,4.157,-0.434,-10.44
2026-01-16,PM2.5,out,11.482,5.47,6.012,109.9
2026-01-17,PM2.5,out,5.789,6.597,-0.808,-12.25
2026-01-18,PM2.5,out,2.839,10.072,-7.233,-71.82
2026-01-19,PM2.5,out,4.219,7.434,-3.215,-43.25
2026-01-20,PM2.5,out,3.142,4.77,-1.627,-34.12
2026-01-21,PM2.5,out,2.576,3.293,-0.717,-21.77
2026-01-22,PM2.5,out,3.07,3.987,-0.917,-23.0
2026-01-23,PM2.5,out,1.806,3.787,-1.981,-52.32
2026-01-24,PM2.5,out,2.206,4.368,-2.163,-49.51
2026-01-25,PM2.5,out,4.002,4.022,-0.02,-0.49
2026-01-26,PM2.5,out,3.253,5.215,-1.962,-37.62
2026-01-27,PM2.5,out,1.513,7.888,-6.374,-80.82
2026-01-28,PM2.5,out,2.736,5.494,-2.758,-50.2
2026-01-29,PM2.5,out,5.135,5.066,0.069,1.36
2026-01-30,PM2.5,out,4.127,4.551,-0.424,-9.32
2026-01-31,PM2.5,out,6.046,4.332,1.714,39.58
2026-02-01,PM2.5,out,3.335,5.951,-2.615,-43.95
2026-02-02,PM2.5,out,1.378,4.735,-3.356,-70.89
2026-02-03,PM2.5,out,1.562,4.731,-3.169,-66.98
2026-02-04,PM2.5,out,2.511,4.026,-1.515,-37.62
2026-02-05,PM2.5,out,1.772,3.887,-2.115,-54.42
2026-02-06,PM2.5,out,2.147,4.797,-2.65,-55.24
2026-02-07,PM2.5,out,2.114,4.664,-2.55,-54.67
2026-02-08,PM2.5,out,3.007,4.043,-1.036,-25.62
2026-02-09,PM2.5,out,2.916,4.974,-2.059,-41.39
2026-02-10,PM2.5,out,3.371,7.057,-3.686,-52.23
2026-02-11,PM2.5,out,6.154,5.027,1.128,22.43
2026-02-12,PM2.5,out,5.877,5.168,0.709,13.72
2026-02-13,PM2.5,out,2.714,4.237,-1.523,-35.94
2026-02-14,PM2.5,out,4.098,4.164,-0.066,-1.58
2026-02-15,PM2.5,out,1.882,4.927,-3.045,-61.8
2026-02-16,PM2.5,out,1.852,4.172,-2.32,-55.61
2026-02-17,PM2.5,out,4.863,4.74,0.123,2.6
2026-02-18,PM2.5,out,2.676,4.06,-1.384,-34.09
2026-02-19,PM2.5,out,4.084,4.206,-0.123,-2.91
2026-02-20,PM2.5,out,8.429,4.785,3.644,76.15
2026-02-21,PM2.5,out,8.261,8.05,0.212,2.63
2026-02-22,PM2.5,out,8.489,10.287,-1.798,-17.48
2026-02-23,PM2.5,out,8.406,9.795,-1.389,-14.18
2026-02-24,PM2.5,out,10.957,9.246,1.711,18.5
2026-02-25,PM2.5,out,13.066,10.547,2.519,23.88
2026-02-26,PM2.5,out,16.986,9.465,7.521,79.46
2026-02-27,PM2.5,out,10.453,6.599,3.853,58.39
2026-02-28,PM2.5,out,7.683,5.897,1.786,30.29
2026-03-01,PM2.5,out,9.7,6.684,3.016,45.12
2026-03-02,PM2.5,out,11.015,5.827,5.188,89.04
2026-03-03,PM2.5,out,12.624,6.451,6.172,95.68
2026-03-04,PM2.5,out,15.743,7.523,8.22,109.26
2026-03-05,PM2.5,out,8.658,5.492,3.167,57.66
2026-03-06,PM2.5,out,1.841,5.546,-3.705,-66.8
2025-09-01,ICA,zbe,11.562,14.825,-3.262,-22.0
2025-09-02,ICA,zbe,10.167,16.27,-6.104,-37.51
2025-09-03,ICA,zbe,17.979,14.742,3.237,21.96
2025-09-04,ICA,zbe,13.792,14.617,-0.825,-5.64
2025-09-05,ICA,zbe,14.583,20.918,-6.335,-30.28
2025-09-06,ICA,zbe,13.854,17.796,-3.942,-22.15
2025-09-07,ICA,zbe,10.271,17.158,-6.888,-40.14
2025-09-08,ICA,zbe,7.667,13.347,-5.68,-42.56
2025-09-09,ICA,zbe,13.812,14.506,-0.693,-4.78
2025-09-10,ICA,zbe,13.667,14.915,-1.248,-8.37
2025-09-11,ICA,zbe,11.229,22.708,-11.479,-50.55
2025-09-12,ICA,zbe,10.125,18.582,-8.457,-45.51
2025-09-13,ICA,zbe,12.125,19.395,-7.27,-37.48
2025-09-14,ICA,zbe,8.375,21.805,-13.43,-61.59
2025-09-15,ICA,zbe,10.292,25.141,-14.85,-59.06
2025-09-16,ICA,zbe,14.812,19.999,-5.187,-25.93
2025-09-17,ICA,zbe,19.312,22.06,-2.748,-12.46
2025-09-18,ICA,zbe,19.021,24.657,-5.636,-22.86
2025-09-19,ICA,zbe,13.979,22.803,-8.824,-38.7
2025-09-20,ICA,zbe,9.625,16.173,-6.548,-40.49
2025-09-21,ICA,zbe,5.958,13.839,-7.881,-56.95
2025-09-22,ICA,zbe,6.271,13.935,-7.664,-55.0
2025-09-23,ICA,zbe,8.417,12.216,-3.8,-31.1
2025-09-24,ICA,zbe,9.75,18.789,-9.039,-48.11
2025-09-25,ICA,zbe,18.646,20.6,-1.954,-9.49
2025-09-26,ICA,zbe,18.229,21.467,-3.237,-15.08
2025-09-27,ICA,zbe,15.021,20.619,-5.598,-27.15
2025-09-28,ICA,zbe,11.354,18.282,-6.928,-37.89
2025-09-29,ICA,zbe,14.167,22.612,-8.445,-37.35
2025-09-30,ICA,zbe,19.312,23.465,-4.153,-17.7
2025-10-01,ICA,zbe,23.604,24.125,-0.521,-2.16
2025-10-02,ICA,zbe,18.625,24.467,-5.842,-23.88
2025-10-03,ICA,zbe,23.333,26.797,-3.464,-12.93
2025-10-04,ICA,zbe,13.375,16.452,-3.077,-18.7
2025-10-05,ICA,zbe,13.812,17.031,-3.219,-18.9
2025-10-06,ICA,zbe,12.104,20.799,-8.695,-41.8
2025-10-07,ICA,zbe,11.396,21.894,-10.498,-47.95
2025-10-08,ICA,zbe,20.229,23.032,-2.803,-12.17
2025-10-09,ICA,zbe,15.479,23.851,-8.371,-35.1
2025-10-10,ICA,zbe,23.354,19.349,4.006,20.7
2025-10-11,ICA,zbe,19.521,21.454,-1.933,-9.01
2025-10-12,ICA,zbe,12.146,22.395,-10.249,-45.77
2025-10-13,ICA,zbe,16.812,23.768,-6.956,-29.26
2025-10-14,ICA,zbe,36.354,24.703,11.651,47.17
2025-10-15,ICA,zbe,36.188,25.449,10.739,42.2
2025-10-16,ICA,zbe,41.792,27.916,13.875,49.7
2025-10-17,ICA,zbe,32.688,27.173,5.515,20.3
2025-10-18,ICA,zbe,23.646,25.97,-2.324,-8.95
2025-10-19,ICA,zbe,11.896,15.09,-3.194,-21.17
2025-10-20,ICA,zbe,4.375,18.094,-13.719,-75.82
2025-10-21,ICA,zbe,3.833,13.606,-9.772,-71.83
2025-10-22,ICA,zbe,7.646,12.741,-5.095,-39.99
2025-10-23,ICA,zbe,18.271,15.417,2.854,18.51
2025-10-24,ICA,zbe,16.083,16.093,-0.01,-0.06
2025-10-25,ICA,zbe,10.3,16.348,-6.048,-37.0
2025-10-26,ICA,zbe,9.521,16.235,-6.714,-41.36
2025-10-27,ICA,zbe,20.104,19.971,0.133,0.67
2025-10-28,ICA,zbe,14.729,19.53,-4.8,-24.58
2025-10-29,ICA,zbe,8.583,17.857,-9.274,-51.93
2025-10-30,ICA,zbe,6.604,19.031,-12.426,-65.3
2025-10-31,ICA,zbe,5.271,12.409,-7.139,-57.53
2025-11-01,ICA,zbe,6.75,13.279,-6.529,-49.17
2025-11-02,ICA,zbe,9.812,16.017,-6.204,-38.74
2025-11-03,ICA,zbe,11.771,20.057,-8.286,-41.31
2025-11-04,ICA,zbe,11.125,18.306,-7.181,-39.23
2025-11-05,ICA,zbe,7.915,20.492,-12.577,-61.38
2025-11-06,ICA,zbe,7.438,15.578,-8.141,-52.26
2025-11-07,ICA,zbe,6.917,15.2,-8.284,-54.5
2025-11-08,ICA,zbe,10.146,15.581,-5.435,-34.88
2025-11-09,ICA,zbe,8.938,17.799,-8.862,-49.79
2025-11-10,ICA,zbe,7.396,20.041,-12.645,-63.1
2025-11-11,ICA,zbe,11.0,17.5,-6.5,-37.14
2025-11-12,ICA,zbe,21.604,18.033,3.571,19.8
2025-11-13,ICA,zbe,36.25,17.656,18.594,105.32
2025-11-14,ICA,zbe,10.875,15.948,-5.073,-31.81
2025-11-15,ICA,zbe,9.146,16.604,-7.458,-44.92
2025-11-16,ICA,zbe,12.042,15.641,-3.6,-23.01
2025-11-17,ICA,zbe,18.083,16.195,1.888,11.66
2025-11-18,ICA,zbe,17.292,16.09,1.201,7.47
2025-11-19,ICA,zbe,13.854,15.238,-1.383,-9.08
2025-11-20,ICA,zbe,17.979,17.447,0.532,3.05
2025-11-21,ICA,zbe,15.667,16.297,-0.631,-3.87
2025-11-22,ICA,zbe,9.354,17.488,-8.134,-46.51
2025-11-23,ICA,zbe,9.583,16.743,-7.16,-42.76
2025-11-24,ICA,zbe,15.75,15.721,0.029,0.19
2025-11-25,ICA,zbe,24.583,15.475,9.108,58.85
2025-11-26,ICA,zbe,21.646,18.329,3.317,18.09
2025-11-27,ICA,zbe,24.479,22.787,1.692,7.42
2025-11-28,ICA,zbe,16.333,27.146,-10.813,-39.83
2025-11-29,ICA,zbe,14.979,20.458,-5.479,-26.78
2025-11-30,ICA,zbe,21.0,21.207,-0.207,-0.98
2025-12-01,ICA,zbe,16.271,21.28,-5.009,-23.54
2025-12-02,ICA,zbe,18.083,13.844,4.24,30.63
2025-12-03,ICA,zbe,15.312,14.805,0.507,3.43
2025-12-04,ICA,zbe,18.271,17.401,0.87,5.0
2025-12-05,ICA,zbe,11.438,16.142,-4.705,-29.15
2025-12-06,ICA,zbe,6.167,15.157,-8.991,-59.32
2025-12-07,ICA,zbe,8.812,17.066,-8.254,-48.36
2025-12-08,ICA,zbe,15.292,18.749,-3.457,-18.44
2025-12-09,ICA,zbe,19.083,18.004,1.079,5.99
2025-12-10,ICA,zbe,24.375,19.136,5.239,27.38
2025-12-11,ICA,zbe,40.062,25.257,14.805,58.62
2025-12-12,ICA,zbe,64.938,23.764,41.173,173.26
2025-12-13,ICA,zbe,67.229,22.306,44.923,201.39
2025-12-14,ICA,zbe,63.583,23.657,39.926,168.77
2025-12-15,ICA,zbe,27.896,22.115,5.781,26.14
2025-12-16,ICA,zbe,26.75,18.699,8.051,43.06
2025-12-17,ICA,zbe,18.042,22.741,-4.699,-20.66
2025-12-18,ICA,zbe,17.958,17.324,0.634,3.66
2025-12-19,ICA,zbe,29.708,14.347,15.361,107.07
2025-12-20,ICA,zbe,20.604,17.947,2.657,14.81
2025-12-21,ICA,zbe,10.896,14.506,-3.61,-24.89
2025-12-22,ICA,zbe,12.062,14.825,-2.762,-18.63
2025-12-23,ICA,zbe,10.854,17.308,-6.454,-37.29
2025-12-24,ICA,zbe,19.021,14.234,4.787,33.63
2025-12-25,ICA,zbe,18.812,16.48,2.333,14.15
2025-12-26,ICA,zbe,23.646,17.098,6.548,38.29
2025-12-27,ICA,zbe,12.125,17.368,-5.243,-30.19
2025-12-28,ICA,zbe,19.958,18.725,1.234,6.59
2025-12-29,ICA,zbe,26.625,21.018,5.607,26.67
2025-12-30,ICA,zbe,28.938,17.92,11.018,61.49
2025-12-31,ICA,zbe,44.729,20.865,23.864,114.37
2026-01-01,ICA,zbe,36.125,23.744,12.381,52.14
2026-01-02,ICA,zbe,32.896,25.824,7.072,27.39
2026-01-03,ICA,zbe,15.333,16.393,-1.059,-6.46
2026-01-04,ICA,zbe,13.958,14.747,-0.789,-5.35
2026-01-05,ICA,zbe,16.667,18.702,-2.035,-10.88
2026-01-06,ICA,zbe,22.521,17.149,5.372,31.33
2026-01-07,ICA,zbe,13.146,22.136,-8.991,-40.61
2026-01-08,ICA,zbe,10.583,19.787,-9.204,-46.51
2026-01-09,ICA,zbe,12.375,19.204,-6.829,-35.56
2026-01-10,ICA,zbe,16.708,15.082,1.627,10.79
2026-01-11,ICA,zbe,11.875,18.415,-6.54,-35.51
2026-01-12,ICA,zbe,15.708,17.955,-2.246,-12.51
2026-01-13,ICA,zbe,19.542,18.871,0.671,3.56
2026-01-14,ICA,zbe,31.438,20.531,10.907,53.12
2026-01-15,ICA,zbe,28.854,13.394,15.46,115.42
2026-01-16,ICA,zbe,32.104,18.826,13.278,70.53
2026-01-17,ICA,zbe,17.958,13.215,4.743,35.89
2026-01-18,ICA,zbe,15.104,16.16,-1.055,-6.53
2026-01-19,ICA,zbe,18.75,20.548,-1.798,-8.75
2026-01-20,ICA,zbe,19.042,15.184,3.857,25.4
2026-01-21,ICA,zbe,14.292,11.634,2.658,22.85
2026-01-22,ICA,zbe,13.896,14.486,-0.59,-4.07
2026-01-23,ICA,zbe,10.188,15.089,-4.901,-32.48
2026-01-24,ICA,zbe,8.833,13.57,-4.736,-34.9
2026-01-25,ICA,zbe,19.875,12.983,6.892,53.08
2026-01-26,ICA,zbe,13.667,14.729,-1.062,-7.21
2026-01-27,ICA,zbe,13.083,16.528,-3.444,-20.84
2026-01-28,ICA,zbe,16.833,14.965,1.868,12.48
2026-01-29,ICA,zbe,20.479,16.278,4.202,25.81
2026-01-30,ICA,zbe,21.396,16.186,5.21,32.19
2026-01-31,ICA,zbe,22.042,14.885,7.157,48.08
2026-02-01,ICA,zbe,12.667,19.285,-6.619,-34.32
2026-02-02,ICA,zbe,10.896,15.528,-4.632,-29.83
2026-02-03,ICA,zbe,11.0,12.618,-1.618,-12.82
2026-02-04,ICA,zbe,11.458,14.125,-2.667,-18.88
2026-02-05,ICA,zbe,10.958,12.746,-1.788,-14.03
2026-02-06,ICA,zbe,12.875,13.671,-0.796,-5.83
2026-02-07,ICA,zbe,10.125,13.467,-3.342,-24.82
2026-02-08,ICA,zbe,15.104,15.761,-0.657,-4.17
2026-02-09,ICA,zbe,9.542,12.898,-3.357,-26.02
2026-02-10,ICA,zbe,17.771,17.352,0.419,2.42
2026-02-11,ICA,zbe,26.229,14.732,11.498,78.05
2026-02-12,ICA,zbe,24.188,16.311,7.876,48.29
2026-02-13,ICA,zbe,15.25,14.063,1.187,8.44
2026-02-14,ICA,zbe,20.917,15.713,5.204,33.12
2026-02-15,ICA,zbe,10.104,17.961,-7.857,-43.74
2026-02-16,ICA,zbe,12.979,14.992,-2.013,-13.43
2026-02-17,ICA,zbe,17.604,16.283,1.321,8.11
2026-02-18,ICA,zbe,11.833,17.336,-5.503,-31.74
2026-02-19,ICA,zbe,20.312,19.008,1.304,6.86
2026-02-20,ICA,zbe,32.021,16.544,15.477,93.55
2026-02-21,ICA,zbe,26.667,22.36,4.307,19.26
2026-02-22,ICA,zbe,29.688,22.2,7.487,33.72
2026-02-23,ICA,zbe,29.188,22.441,6.747,30.07
2026-02-24,ICA,zbe,31.417,19.949,11.468,57.48
2026-02-25,ICA,zbe,38.146,24.508,13.637,55.64
2026-02-26,ICA,zbe,45.167,23.367,21.8,93.29
2026-02-27,ICA,zbe,35.104,23.789,11.315,47.56
2026-02-28,ICA,zbe,46.438,23.335,23.103,99.01
2026-03-01,ICA,zbe,35.083,24.84,10.244,41.24
2026-03-02,ICA,zbe,30.625,22.762,7.863,34.54
2026-03-03,ICA,zbe,39.125,23.505,15.62,66.45
2026-03-04,ICA,zbe,60.646,24.836,35.81,144.19
2026-03-05,ICA,zbe,34.75,17.386,17.364,99.88
2026-03-06,ICA,zbe,8.833,15.725,-6.892,-43.83
2025-09-01,ICA,out,13.896,19.094,-5.199,-27.23
2025-09-02,ICA,out,11.708,17.3,-5.592,-32.32
2025-09-03,ICA,out,20.438,15.666,4.771,30.45
2025-09-04,ICA,out,18.167,17.434,0.733,4.2
2025-09-05,ICA,out,19.052,23.411,-4.358,-18.62
2025-09-06,ICA,out,16.042,17.172,-1.13,-6.58
2025-09-07,ICA,out,13.292,15.449,-2.158,-13.97
2025-09-08,ICA,out,10.896,16.142,-5.247,-32.5
2025-09-09,ICA,out,20.083,19.118,0.965,5.05
2025-09-10,ICA,out,18.073,17.395,0.678,3.9
2025-09-11,ICA,out,15.281,24.476,-9.195,-37.57
2025-09-12,ICA,out,14.188,18.078,-3.89,-21.52
2025-09-13,ICA,out,17.302,18.373,-1.071,-5.83
2025-09-14,ICA,out,11.615,20.393,-8.778,-43.05
2025-09-15,ICA,out,13.104,18.872,-5.767,-30.56
2025-09-16,ICA,out,21.031,19.68,1.351,6.87
2025-09-17,ICA,out,27.115,20.98,6.135,29.24
2025-09-18,ICA,out,25.542,22.548,2.994,13.28
2025-09-19,ICA,out,17.979,22.126,-4.146,-18.74
2025-09-20,ICA,out,13.292,18.528,-5.236,-28.26
2025-09-21,ICA,out,7.646,15.657,-8.011,-51.17
2025-09-22,ICA,out,8.812,15.984,-7.171,-44.87
2025-09-23,ICA,out,12.792,15.797,-3.006,-19.03
2025-09-24,ICA,out,16.083,18.647,-2.563,-13.75
2025-09-25,ICA,out,18.031,20.175,-2.144,-10.63
2025-09-26,ICA,out,23.406,19.802,3.604,18.2
2025-09-27,ICA,out,17.844,19.547,-1.703,-8.71
2025-09-28,ICA,out,17.083,21.254,-4.171,-19.62
2025-09-29,ICA,out,24.885,18.294,6.592,36.03
2025-09-30,ICA,out,25.656,18.853,6.803,36.08
2025-10-01,ICA,out,31.021,29.825,1.196,4.01
2025-10-02,ICA,out,26.312,29.643,-3.331,-11.24
2025-10-03,ICA,out,34.49,29.848,4.642,15.55
2025-10-04,ICA,out,17.833,20.324,-2.49,-12.25
2025-10-05,ICA,out,18.333,19.116,-0.783,-4.09
2025-10-06,ICA,out,19.594,23.693,-4.099,-17.3
2025-10-07,ICA,out,17.396,26.77,-9.374,-35.02
2025-10-08,ICA,out,27.854,26.41,1.444,5.47
2025-10-09,ICA,out,22.427,16.857,5.57,33.04
2025-10-10,ICA,out,31.615,24.795,6.82,27.5
2025-10-11,ICA,out,26.385,21.535,4.851,22.53
2025-10-12,ICA,out,18.104,20.893,-2.789,-13.35
2025-10-13,ICA,out,23.552,24.029,-0.477,-1.99
2025-10-14,ICA,out,55.031,18.303,36.728,200.66
2025-10-15,ICA,out,55.302,27.711,27.591,99.57
2025-10-16,ICA,out,49.323,24.371,24.951,102.38
2025-10-17,ICA,out,43.568,27.617,15.95,57.75
2025-10-18,ICA,out,33.479,22.828,10.651,46.66
2025-10-19,ICA,out,16.667,13.982,2.685,19.2
2025-10-20,ICA,out,5.344,14.09,-8.747,-62.07
2025-10-21,ICA,out,5.0,16.019,-11.019,-68.79
2025-10-22,ICA,out,9.906,15.709,-5.803,-36.94
2025-10-23,ICA,out,22.656,17.134,5.522,32.23
2025-10-24,ICA,out,22.542,18.582,3.96,21.31
2025-10-25,ICA,out,14.66,24.551,-9.891,-40.29
2025-10-26,ICA,out,13.948,20.427,-6.479,-31.72
2025-10-27,ICA,out,19.021,21.545,-2.524,-11.72
2025-10-28,ICA,out,17.802,22.709,-4.907,-21.61
2025-10-29,ICA,out,12.198,23.659,-11.461,-48.44
2025-10-30,ICA,out,8.062,15.583,-7.52,-48.26
2025-10-31,ICA,out,7.219,13.569,-6.35,-46.8
2025-11-01,ICA,out,9.479,15.015,-5.536,-36.87
2025-11-02,ICA,out,14.958,17.794,-2.836,-15.94
2025-11-03,ICA,out,17.564,23.571,-6.008,-25.49
2025-11-04,ICA,out,13.75,17.263,-3.513,-20.35
2025-11-05,ICA,out,10.936,16.827,-5.891,-35.01
2025-11-06,ICA,out,10.323,16.89,-6.567,-38.88
2025-11-07,ICA,out,10.01,17.124,-7.113,-41.54
2025-11-08,ICA,out,10.625,17.475,-6.85,-39.2
2025-11-09,ICA,out,11.302,23.223,-11.921,-51.33
2025-11-10,ICA,out,10.229,18.175,-7.945,-43.72
2025-11-11,ICA,out,12.156,17.345,-5.189,-29.92
2025-11-12,ICA,out,14.448,17.916,-3.468,-19.36
2025-11-13,ICA,out,17.021,17.427,-0.406,-2.33
2025-11-14,ICA,out,7.229,16.305,-9.076,-55.66
2025-11-15,ICA,out,6.135,14.591,-8.455,-57.95
2025-11-16,ICA,out,11.188,16.54,-5.352,-32.36
2025-11-17,ICA,out,13.417,16.962,-3.545,-20.9
2025-11-18,ICA,out,15.156,15.689,-0.533,-3.4
2025-11-19,ICA,out,13.615,15.863,-2.248,-14.17
2025-11-20,ICA,out,15.844,15.597,0.247,1.58
2025-11-21,ICA,out,11.021,16.877,-5.856,-34.7
2025-11-22,ICA,out,7.625,18.095,-10.47,-57.86
2025-11-23,ICA,out,9.562,17.399,-7.836,-45.04
2025-11-24,ICA,out,13.896,16.741,-2.845,-16.99
2025-11-25,ICA,out,16.615,15.936,0.679,4.26
2025-11-26,ICA,out,16.958,16.936,0.023,0.13
2025-11-27,ICA,out,20.177,24.208,-4.03,-16.65
2025-11-28,ICA,out,6.875,23.453,-16.578,-70.69
2025-11-29,ICA,out,14.198,27.394,-13.196,-48.17
2025-11-30,ICA,out,13.75,15.691,-1.941,-12.37
2025-12-01,ICA,out,11.833,16.372,-4.539,-27.72
2025-12-02,ICA,out,14.438,15.008,-0.571,-3.8
2025-12-03,ICA,out,12.604,16.843,-4.239,-25.17
2025-12-04,ICA,out,11.208,15.369,-4.16,-27.07
2025-12-05,ICA,out,6.958,14.147,-7.188,-50.81
2025-12-06,ICA,out,4.021,16.049,-12.028,-74.95
2025-12-07,ICA,out,6.052,16.782,-10.73,-63.94
2025-12-08,ICA,out,13.427,16.621,-3.194,-19.22
2025-12-09,ICA,out,19.594,16.081,3.512,21.84
2025-12-10,ICA,out,19.677,22.757,-3.08,-13.54
2025-12-11,ICA,out,37.573,27.491,10.082,36.67
2025-12-12,ICA,out,62.823,27.571,35.252,127.86
2025-12-13,ICA,out,35.821,28.093,7.728,27.51
2025-12-14,ICA,out,48.667,22.938,25.729,112.17
2025-12-15,ICA,out,24.823,20.248,4.575,22.59
2025-12-16,ICA,out,27.323,24.018,3.305,13.76
2025-12-17,ICA,out,16.979,28.894,-11.915,-41.24
2025-12-18,ICA,out,18.042,22.699,-4.657,-20.52
2025-12-19,ICA,out,26.052,25.578,0.474,1.85
2025-12-20,ICA,out,17.927,17.855,0.072,0.4
2025-12-21,ICA,out,9.417,17.85,-8.434,-47.25
2025-12-22,ICA,out,10.635,17.03,-6.394,-37.55
2025-12-23,ICA,out,9.979,18.212,-8.233,-45.21
2025-12-24,ICA,out,16.406,16.177,0.229,1.41
2025-12-25,ICA,out,17.052,16.982,0.07,0.41
2025-12-26,ICA,out,22.292,24.6,-2.308,-9.38
2025-12-27,ICA,out,13.062,18.424,-5.361,-29.1
2025-12-28,ICA,out,17.375,19.554,-2.179,-11.14
2025-12-29,ICA,out,23.844,25.346,-1.502,-5.93
2025-12-30,ICA,out,27.323,25.377,1.946,7.67
2025-12-31,ICA,out,34.625,23.101,11.524,49.89
2026-01-01,ICA,out,31.562,31.451,0.111,0.35
2026-01-02,ICA,out,30.104,27.833,2.271,8.16
2026-01-03,ICA,out,15.521,24.594,-9.074,-36.89
2026-01-04,ICA,out,16.333,15.334,0.999,6.52
2026-01-05,ICA,out,16.844,14.875,1.969,13.23
2026-01-06,ICA,out,20.844,17.026,3.818,22.42
2026-01-07,ICA,out,11.521,21.695,-10.175,-46.9
2026-01-08,ICA,out,12.156,23.202,-11.046,-47.61
2026-01-09,ICA,out,12.771,14.408,-1.637,-11.36
2026-01-10,ICA,out,12.906,13.697,-0.791,-5.78
2026-01-11,ICA,out,11.323,18.383,-7.06,-38.4
2026-01-12,ICA,out,15.042,16.998,-1.957,-11.51
2026-01-13,ICA,out,18.177,16.899,1.278,7.56
2026-01-14,ICA,out,10.979,17.149,-6.17,-35.98
2026-01-15,ICA,out,13.531,13.507,0.025,0.18
2026-01-16,ICA,out,29.281,16.122,13.16,81.63
2026-01-17,ICA,out,17.292,19.507,-2.215,-11.36
2026-01-18,ICA,out,13.573,26.309,-12.736,-48.41
2026-01-19,ICA,out,13.781,20.816,-7.035,-33.79
2026-01-20,ICA,out,13.448,15.193,-1.745,-11.49
2026-01-21,ICA,out,9.594,13.811,-4.217,-30.54
2026-01-22,ICA,out,11.312,13.55,-2.238,-16.51
2026-01-23,ICA,out,10.125,14.329,-4.204,-29.34
2026-01-24,ICA,out,10.479,14.574,-4.095,-28.1
2026-01-25,ICA,out,19.729,13.323,6.407,48.09
2026-01-26,ICA,out,12.688,16.436,-3.749,-22.81
2026-01-27,ICA,out,15.271,22.7,-7.429,-32.73
2026-01-28,ICA,out,15.211,15.935,-0.725,-4.55
2026-01-29,ICA,out,14.479,17.856,-3.377,-18.91
2026-01-30,ICA,out,17.427,15.312,2.115,13.81
2026-01-31,ICA,out,17.479,13.959,3.52,25.22
2026-02-01,ICA,out,12.156,18.032,-5.876,-32.58
2026-02-02,ICA,out,12.073,15.376,-3.303,-21.48
2026-02-03,ICA,out,11.281,15.128,-3.847,-25.43
2026-02-04,ICA,out,11.646,13.596,-1.95,-14.34
2026-02-05,ICA,out,10.323,13.615,-3.292,-24.18
2026-02-06,ICA,out,10.708,14.825,-4.117,-27.77
2026-02-07,ICA,out,12.312,14.989,-2.677,-17.86
2026-02-08,ICA,out,18.76,14.101,4.66,33.04
2026-02-09,ICA,out,10.708,16.26,-5.551,-34.14
2026-02-10,ICA,out,9.896,18.087,-8.191,-45.29
2026-02-11,ICA,out,17.177,16.25,0.927,5.71
2026-02-12,ICA,out,16.875,16.382,0.493,3.01
2026-02-13,ICA,out,8.312,13.212,-4.9,-37.09
2026-02-14,ICA,out,11.917,12.888,-0.972,-7.54
2026-02-15,ICA,out,9.729,14.704,-4.975,-33.83
2026-02-16,ICA,out,12.74,13.349,-0.609,-4.56
2026-02-17,ICA,out,13.333,13.673,-0.339,-2.48
2026-02-18,ICA,out,10.271,13.153,-2.882,-21.91
2026-02-19,ICA,out,13.646,13.111,0.535,4.08
2026-02-20,ICA,out,22.771,16.432,6.339,38.58
2026-02-21,ICA,out,21.792,20.499,1.292,6.3
2026-02-22,ICA,out,22.792,25.344,-2.552,-10.07
2026-02-23,ICA,out,23.26,24.664,-1.404,-5.69
2026-02-24,ICA,out,28.323,22.672,5.651,24.92
2026-02-25,ICA,out,33.5,27.944,5.556,19.88
2026-02-26,ICA,out,44.042,23.783,20.259,85.18
2026-02-27,ICA,out,26.688,18.501,8.186,44.25
2026-02-28,ICA,out,14.823,16.189,-1.366,-8.44
2026-03-01,ICA,out,22.573,19.266,3.307,17.16
2026-03-02,ICA,out,28.073,16.33,11.743,71.91
2026-03-03,ICA,out,32.333,17.625,14.708,83.45
2026-03-04,ICA,out,41.333,18.712,22.622,120.89
2026-03-05,ICA,out,22.969,15.633,7.335,46.92
2026-03-06,ICA,out,6.969,16.383,-9.414,-57.46
